vcfname	strainName	paper_year	PRJcode	clade/population/classification
SRR7851919	2.1392	Duan_2019	PRJNA396809	Huangjiu
SRR7851778	2.591	Duan_2019	PRJNA396809	Mantou 7
ERR754601	3.1	Almeida_2015	PRJEB7601	Mediterranean oak
SRR7851763	155	Duan_2019	PRJNA396809	Mantou 7
SRR7851764	168	Duan_2019	PRJNA396809	Mantou 7
SRR7851741	229	Duan_2019	PRJNA396809	Mantou 7
SRR7851740	427	Duan_2019	PRJNA396809	Mantou 7
SRR7851743	502	Duan_2019	PRJNA396809	Mantou 7
ERR560545	1014-F5	GENOWINE_2015	PRJEB6529	?
ERR266424	1014g5	Ramazzotti_2018	PRJEB1871	grape
SRR7851789	11-3002	Duan_2019	PRJNA396809	Milk
ERR560543	20B2	GENOWINE_2015	PRJEB6529	?
ERR560544	22A4	GENOWINE_2015	PRJEB6529	?
SRR649842	273614N	Skelly_2013	PRJNA186707	clinical
SRR649905	378604X	Skelly_2013	PRJNA186707	clinical
SRR7851786	5-3004	Duan_2019	PRJNA396809	Milk
ERR1276734	59A	GENOWINE_2015	PRJEB6529	?
ERR560550	6320-A7	GENOWINE_2015	PRJEB6529	?
ERR560548	7-7	GENOWINE_2015	PRJEB6529	?
ERR3010122	A8	Pontes_2019	PRJEB30431	olives
ERR1309487	AAA	PeterandDeChiara_2018	PRJEB13017	1. Wine/European 
ERR1308784	AAB	PeterandDeChiara_2018	PRJEB13017	7. Mosaic beer 
ERR1309038	AAC	PeterandDeChiara_2018	PRJEB13017	11. Ale beer 
ERR1308805	AAD	PeterandDeChiara_2018	PRJEB13017	25. Sake 
ERR1309410	AAE	PeterandDeChiara_2018	PRJEB13017	1. Wine/European (subclade 4)
ERR1308974	AAG	PeterandDeChiara_2018	PRJEB13017	M3. Mosaic region 3
ERR1309088	AAH	PeterandDeChiara_2018	PRJEB13017	?
ERR1309457	AAI	PeterandDeChiara_2018	PRJEB13017	1. Wine/European 
ERR1308664	AAK	PeterandDeChiara_2018	PRJEB13017	1. Wine/European (subclade 4)
ERR1309297	AAL	PeterandDeChiara_2018	PRJEB13017	8. Mixed origin 
ERR1308737	AAM	PeterandDeChiara_2018	PRJEB13017	8. Mixed origin 
ERR1308608	AAN	PeterandDeChiara_2018	PRJEB13017	8. Mixed origin 
ERR1309494	AAP	PeterandDeChiara_2018	PRJEB13017	8. Mixed origin 
ERR1309237	AAQ	PeterandDeChiara_2018	PRJEB13017	7. Mosaic beer 
ERR1308657	AAR	PeterandDeChiara_2018	PRJEB13017	7. Mosaic beer 
ERR1309268	AAS	PeterandDeChiara_2018	PRJEB13017	M3. Mosaic region 3
ERR1308747	AAT	PeterandDeChiara_2018	PRJEB13017	M3. Mosaic region 3
ERR1309414	AAV	PeterandDeChiara_2018	PRJEB13017	M3. Mosaic region 3
ERR1308820	ABA	PeterandDeChiara_2018	PRJEB13017	M3. Mosaic region 3
ERR1308725	ABB	PeterandDeChiara_2018	PRJEB13017	26. Asian fermentation 
ERR1309192	ABC	PeterandDeChiara_2018	PRJEB13017	M3. Mosaic region 3
ERR1309216	ABD	PeterandDeChiara_2018	PRJEB13017	M3. Mosaic region 3
ERR1309094	ABE	PeterandDeChiara_2018	PRJEB13017	1. Wine/European 
ERR1308756	ABF	PeterandDeChiara_2018	PRJEB13017	M3. Mosaic region 3
ERR1308928	ABG	PeterandDeChiara_2018	PRJEB13017	M3. Mosaic region 3
ERR1309451	ABH	PeterandDeChiara_2018	PRJEB13017	M3. Mosaic region 3 
ERR1309242	ABI	PeterandDeChiara_2018	PRJEB13017	M3. Mosaic region 3
ERR1309051	ABK	PeterandDeChiara_2018	PRJEB13017	M3. Mosaic region 3
ERR1309450	ABL	PeterandDeChiara_2018	PRJEB13017	?
ERR1309305	ABM	PeterandDeChiara_2018	PRJEB13017	2. Alpechin 
ERR1309483	ABP	PeterandDeChiara_2018	PRJEB13017	1. Wine/European 
ERR1309108	ABQ	PeterandDeChiara_2018	PRJEB13017	1. Wine/European 
ERR1308614	ABR	PeterandDeChiara_2018	PRJEB13017	1. Wine/European 
ERR1309033	ABS	PeterandDeChiara_2018	PRJEB13017	1. Wine/European 
ERR1308686	ABT	PeterandDeChiara_2018	PRJEB13017	1. Wine/European 
ERR1308582	ABV	PeterandDeChiara_2018	PRJEB13017	8. Mixed origin 
ERR1309429	ACA	PeterandDeChiara_2018	PRJEB13017	M3. Mosaic region 3
ERR1308825	ACB	PeterandDeChiara_2018	PRJEB13017	M3. Mosaic region 3
ERR1308993	ACC	PeterandDeChiara_2018	PRJEB13017	21. Ecuadorean 
ERR1308915	ACD	PeterandDeChiara_2018	PRJEB13017	23. North American oak 
ERR1309423	ACF	PeterandDeChiara_2018	PRJEB13017	1. Wine/European 
ERR1309431	ACG	PeterandDeChiara_2018	PRJEB13017	M1. Mosaic region 1
ERR1309194	ACH	PeterandDeChiara_2018	PRJEB13017	M1. Mosaic region 1
ERR1309154	ACI	PeterandDeChiara_2018	PRJEB13017	M3. Mosaic region 3
ERR1308893	ACK	PeterandDeChiara_2018	PRJEB13017	26. Asian fermentation 
ERR1309459	ACL	PeterandDeChiara_2018	PRJEB13017	M3. Mosaic region 3
ERR1308607	ACM	PeterandDeChiara_2018	PRJEB13017	26. Asian fermentation 
ERR1308890	ACN	PeterandDeChiara_2018	PRJEB13017	M3. Mosaic region 3 
ERR1308665	ACP	PeterandDeChiara_2018	PRJEB13017	1. Wine/European (subclade 1)
ERR1308618	ACQ	PeterandDeChiara_2018	PRJEB13017	18. Far East Asia 
ERR1309466	ACR	PeterandDeChiara_2018	PRJEB13017	1. Wine/European 
ERR1309144	ACS	PeterandDeChiara_2018	PRJEB13017	M1. Mosaic region 1
ERR1308791	ACT	PeterandDeChiara_2018	PRJEB13017	1. Wine/European 
ERR1308596	ACV	PeterandDeChiara_2018	PRJEB13017	1. Wine/European 
ERR1309427	ADA	PeterandDeChiara_2018	PRJEB13017	M3. Mosaic region 3 
ERR1309415	ADB	PeterandDeChiara_2018	PRJEB13017	1. Wine/European 
ERR1308809	ADC	PeterandDeChiara_2018	PRJEB13017	1. Wine/European 
ERR1308917	ADD	PeterandDeChiara_2018	PRJEB13017	1. Wine/European (subclade 2)
ERR1309020	ADE	PeterandDeChiara_2018	PRJEB13017	?
ERR1309089	ADF	PeterandDeChiara_2018	PRJEB13017	13. African palm wine 
ERR1308685	ADG	PeterandDeChiara_2018	PRJEB13017	?
ERR1309064	ADH	PeterandDeChiara_2018	PRJEB13017	26. Asian fermentation 
ERR1308593	ADI	PeterandDeChiara_2018	PRJEB13017	1. Wine/European (subclade 2)
ERR1308807	ADK	PeterandDeChiara_2018	PRJEB13017	M3. Mosaic region 3
ERR1309122	ADL	PeterandDeChiara_2018	PRJEB13017	8. Mixed origin 
ERR1309212	ADM	PeterandDeChiara_2018	PRJEB13017	8. Mixed origin 
ERR1309159	ADN	PeterandDeChiara_2018	PRJEB13017	25. Sake 
ERR1308698	ADP	PeterandDeChiara_2018	PRJEB13017	8. Mixed origin 
ERR1309029	ADQ	PeterandDeChiara_2018	PRJEB13017	25. Sake 
ERR1308788	ADR	PeterandDeChiara_2018	PRJEB13017	1. Wine/European 
ERR1309526	ADS	PeterandDeChiara_2018	PRJEB13017	1. Wine/European 
ERR1309028	ADT	PeterandDeChiara_2018	PRJEB13017	M3. Mosaic region 3
ERR1309484	ADV	PeterandDeChiara_2018	PRJEB13017	13. African palm wine 
ERR1309406	AEA	PeterandDeChiara_2018	PRJEB13017	7. Mosaic beer 
ERR1309300	AEB	PeterandDeChiara_2018	PRJEB13017	11. Ale beer 
ERR1309314	AEC	PeterandDeChiara_2018	PRJEB13017	11. Ale beer 
ERR1309047	AEE	PeterandDeChiara_2018	PRJEB13017	M3. Mosaic region 3
ERR1308873	AEF	PeterandDeChiara_2018	PRJEB13017	25. Sake 
ERR1308731	AEG	PeterandDeChiara_2018	PRJEB13017	3. Brazilian bioethanol 
ERR1308847	AEH	PeterandDeChiara_2018	PRJEB13017	3. Brazilian bioethanol 
ERR1308980	AEI	PeterandDeChiara_2018	PRJEB13017	M3. Mosaic region 3
ERR1308639	AEK	PeterandDeChiara_2018	PRJEB13017	1. Wine/European (subclade 4)
ERR1309101	AEL	PeterandDeChiara_2018	PRJEB13017	M3. Mosaic region 3
ERR1308627	AEM	PeterandDeChiara_2018	PRJEB13017	8. Mixed origin 
ERR1309076	AEN	PeterandDeChiara_2018	PRJEB13017	6. African beer 
ERR1309160	AEP	PeterandDeChiara_2018	PRJEB13017	26. Asian fermentation 
ERR1309512	AEQ	PeterandDeChiara_2018	PRJEB13017	7. Mosaic beer 
ERR1309522	AER	PeterandDeChiara_2018	PRJEB13017	M2. Mosaic region 2
ERR1309368	AES	PeterandDeChiara_2018	PRJEB13017	1. Wine/European (subclade 4)
ERR1308679	AET	PeterandDeChiara_2018	PRJEB13017	1. Wine/European (subclade 4)
ERR1308650	AEV	PeterandDeChiara_2018	PRJEB13017	8. Mixed origin 
SRR7851747	AF	Duan_2019	PRJNA396809	ADY
ERR1309420	AFA	PeterandDeChiara_2018	PRJEB13017	7. Mosaic beer 
ERR1308680	AFB	PeterandDeChiara_2018	PRJEB13017	7. Mosaic beer 
SRR7851748	AFB.1	Duan_2019	PRJNA396809	ADY
ERR1309327	AFC	PeterandDeChiara_2018	PRJEB13017	8. Mixed origin 
ERR1308983	AFD	PeterandDeChiara_2018	PRJEB13017	3. Brazilian bioethanol 
ERR1309127	AFE	PeterandDeChiara_2018	PRJEB13017	8. Mixed origin 
ERR1309131	AFF	PeterandDeChiara_2018	PRJEB13017	8. Mixed origin 
ERR1309145	AFG	PeterandDeChiara_2018	PRJEB13017	M3. Mosaic region 3
ERR1309521	AFH	PeterandDeChiara_2018	PRJEB13017	26. Asian fermentation 
ERR1309513	AFI	PeterandDeChiara_2018	PRJEB13017	1. Wine/European (subclade 4)
ERR1308753	AFK	PeterandDeChiara_2018	PRJEB13017	24. Asian islands 
ERR1308843	AFL	PeterandDeChiara_2018	PRJEB13017	6. African beer 
ERR1308937	AFM	PeterandDeChiara_2018	PRJEB13017	25. Sake 
ERR1309509	AFN	PeterandDeChiara_2018	PRJEB13017	25. Sake 
ERR1309364	AFP	PeterandDeChiara_2018	PRJEB13017	7. Mosaic beer 
ERR1308647	AFQ	PeterandDeChiara_2018	PRJEB13017	M2. Mosaic region 2 
ERR1309137	AFR	PeterandDeChiara_2018	PRJEB13017	3. Brazilian bioethanol 
ERR1309114	AFS	PeterandDeChiara_2018	PRJEB13017	?
ERR1308987	AFT	PeterandDeChiara_2018	PRJEB13017	8. Mixed origin 
ERR1308598	AFV	PeterandDeChiara_2018	PRJEB13017	1. Wine/European (subclade 4)
ERR1308814	AGA	PeterandDeChiara_2018	PRJEB13017	1. Wine/European 
ERR1308892	AGB	PeterandDeChiara_2018	PRJEB13017	11. Ale beer 
ERR1309000	AGC	PeterandDeChiara_2018	PRJEB13017	?
ERR1309444	AGE	PeterandDeChiara_2018	PRJEB13017	8. Mixed origin 
ERR1309486	AGF	PeterandDeChiara_2018	PRJEB13017	1. Wine/European 
ERR1308790	AGG	PeterandDeChiara_2018	PRJEB13017	26. Asian fermentation 
ERR1309035	AGH	PeterandDeChiara_2018	PRJEB13017	1. Wine/European 
ERR1309482	AGI	PeterandDeChiara_2018	PRJEB13017	1. Wine/European 
ERR1308858	AGK	PeterandDeChiara_2018	PRJEB13017	8. Mixed origin 
ERR1308762	AGL	PeterandDeChiara_2018	PRJEB13017	1. Wine/European 
ERR1309524	AGM	PeterandDeChiara_2018	PRJEB13017	3. Brazilian bioethanol 
ERR1309412	AGN	PeterandDeChiara_2018	PRJEB13017	M1. Mosaic region 1 
ERR1308795	AGP	PeterandDeChiara_2018	PRJEB13017	M3. Mosaic region 3
ERR1309258	AGR	PeterandDeChiara_2018	PRJEB13017	24. Asian islands 
ERR1309241	AGS	PeterandDeChiara_2018	PRJEB13017	1. Wine/European 
ERR1308673	AGT	PeterandDeChiara_2018	PRJEB13017	M3. Mosaic region 3
ERR1308636	AGV	PeterandDeChiara_2018	PRJEB13017	1. Wine/European 
ERR1309481	AHA	PeterandDeChiara_2018	PRJEB13017	M3. Mosaic region 3
ERR1309288	AHB	PeterandDeChiara_2018	PRJEB13017	?
ERR1309041	AHC	PeterandDeChiara_2018	PRJEB13017	3. Brazilian bioethanol 
ERR1309455	AHD	PeterandDeChiara_2018	PRJEB13017	1. Wine/European 
ERR1309472	AHE	PeterandDeChiara_2018	PRJEB13017	1. Wine/European 
ERR1309361	AHF	PeterandDeChiara_2018	PRJEB13017	M1. Mosaic region 1
ERR1308781	AHG	PeterandDeChiara_2018	PRJEB13017	1. Wine/European 
ERR1308924	AHH	PeterandDeChiara_2018	PRJEB13017	24. Asian islands 
ERR1308956	AHI	PeterandDeChiara_2018	PRJEB13017	1. Wine/European 
ERR1308738	AHK	PeterandDeChiara_2018	PRJEB13017	1. Wine/European (subclade 4)
ERR1309499	AHL	PeterandDeChiara_2018	PRJEB13017	2. Alpechin 
ERR1308934	AHM	PeterandDeChiara_2018	PRJEB13017	2. Alpechin 
ERR1309240	AHN	PeterandDeChiara_2018	PRJEB13017	1. Wine/European 
ERR1309345	AHP	PeterandDeChiara_2018	PRJEB13017	1. Wine/European (subclade 4)
ERR1309019	AHQ	PeterandDeChiara_2018	PRJEB13017	26. Asian fermentation 
ERR1308770	AHR	PeterandDeChiara_2018	PRJEB13017	1. Wine/European 
ERR1308920	AHS	PeterandDeChiara_2018	PRJEB13017	13. African palm wine 
ERR1309437	AHT	PeterandDeChiara_2018	PRJEB13017	1. Wine/European 
ERR1309271	AHV	PeterandDeChiara_2018	PRJEB13017	8. Mixed origin 
ERR1309200	AIA	PeterandDeChiara_2018	PRJEB13017	1. Wine/European (subclade 4)
ERR1308949	AIB	PeterandDeChiara_2018	PRJEB13017	1. Wine/European (subclade 4)
ERR1309173	AIC	PeterandDeChiara_2018	PRJEB13017	1. Wine/European (subclade 4)
ERR1309135	AID	PeterandDeChiara_2018	PRJEB13017	2. Alpechin 
ERR1308671	AIE	PeterandDeChiara_2018	PRJEB13017	2. Alpechin 
ERR1309471	AIF	PeterandDeChiara_2018	PRJEB13017	1. Wine/European 
ERR1309438	AIG	PeterandDeChiara_2018	PRJEB13017	7. Mosaic beer 
ERR1308616	AII	PeterandDeChiara_2018	PRJEB13017	1. Wine/European 
ERR1308901	AIK	PeterandDeChiara_2018	PRJEB13017	1. Wine/European 
ERR1308977	AIL	PeterandDeChiara_2018	PRJEB13017	1. Wine/European 
ERR1309350	AIM	PeterandDeChiara_2018	PRJEB13017	1. Wine/European 
ERR1309152	AIN	PeterandDeChiara_2018	PRJEB13017	1. Wine/European 
ERR1308832	AIP	PeterandDeChiara_2018	PRJEB13017	1. Wine/European (subclade 4)
ERR1308643	AIQ	PeterandDeChiara_2018	PRJEB13017	1. Wine/European 
ERR1308799	AIR	PeterandDeChiara_2018	PRJEB13017	1. Wine/European 
ERR1309206	AIT	PeterandDeChiara_2018	PRJEB13017	1. Wine/European 
ERR1309231	AKB	PeterandDeChiara_2018	PRJEB13017	13. African palm wine 
ERR1309493	AKC	PeterandDeChiara_2018	PRJEB13017	13. African palm wine 
ERR1309113	AKD	PeterandDeChiara_2018	PRJEB13017	13. African palm wine 
ERR1308907	AKE	PeterandDeChiara_2018	PRJEB13017	13. African palm wine 
ERR1309112	AKG	PeterandDeChiara_2018	PRJEB13017	13. African palm wine 
ERR1309124	AKH	PeterandDeChiara_2018	PRJEB13017	13. African palm wine 
ERR1308695	AKI	PeterandDeChiara_2018	PRJEB13017	M3. Mosaic region 3 
ERR1308634	AKL	PeterandDeChiara_2018	PRJEB13017	26. Asian fermentation 
ERR1309380	AKM	PeterandDeChiara_2018	PRJEB13017	19. Malaysian 
ERR1308708	AKN	PeterandDeChiara_2018	PRJEB13017	23. North American oak 
ERR1309507	AKP	PeterandDeChiara_2018	PRJEB13017	1. Wine/European 
ERR1309442	AKQ	PeterandDeChiara_2018	PRJEB13017	M3. Mosaic region 3 
ERR1308765	AKR	PeterandDeChiara_2018	PRJEB13017	26. Asian fermentation 
ERR1308945	AKS	PeterandDeChiara_2018	PRJEB13017	M3. Mosaic region 3 
ERR1308849	AKT	PeterandDeChiara_2018	PRJEB13017	8. Mixed origin 
ERR1309390	AKV	PeterandDeChiara_2018	PRJEB13017	1. Wine/European 
ERR1309430	ALA	PeterandDeChiara_2018	PRJEB13017	26. Asian fermentation 
ERR1308938	ALB	PeterandDeChiara_2018	PRJEB13017	26. Asian fermentation 
ERR1308644	ALC	PeterandDeChiara_2018	PRJEB13017	26. Asian fermentation 
ERR1308986	ALD	PeterandDeChiara_2018	PRJEB13017	5. French dairy 
ERR1308834	ALE	PeterandDeChiara_2018	PRJEB13017	1. Wine/European 
ERR1309039	ALG	PeterandDeChiara_2018	PRJEB13017	M3. Mosaic region 3 
ERR1308972	ALH	PeterandDeChiara_2018	PRJEB13017	26. Asian fermentation 
ERR1309514	ALI	PeterandDeChiara_2018	PRJEB13017	?
ERR1308623	ALK	PeterandDeChiara_2018	PRJEB13017	26. Asian fermentation 
ERR1309208	ALL	PeterandDeChiara_2018	PRJEB13017	1. Wine/European 
ERR1308792	ALM	PeterandDeChiara_2018	PRJEB13017	1. Wine/European 
ERR1309320	ALN	PeterandDeChiara_2018	PRJEB13017	8. Mixed origin 
ERR1309260	ALP	PeterandDeChiara_2018	PRJEB13017	8. Mixed origin 
ERR1308863	ALQ	PeterandDeChiara_2018	PRJEB13017	1. Wine/European (subclade 1)
ERR1308879	ALR	PeterandDeChiara_2018	PRJEB13017	M3. Mosaic region 3
ERR1309003	ALS	PeterandDeChiara_2018	PRJEB13017	1. Wine/European (subclade 1)
ERR1309227	ALT	PeterandDeChiara_2018	PRJEB13017	1. Wine/European (subclade 1)
ERR1309155	ALV	PeterandDeChiara_2018	PRJEB13017	8. Mixed origin 
ERR1308966	AMA	PeterandDeChiara_2018	PRJEB13017	1. Wine/European (subclade 1)
ERR1308617	AMB	PeterandDeChiara_2018	PRJEB13017	?
ERR1308975	AMC	PeterandDeChiara_2018	PRJEB13017	?
ERR1308587	AMD	PeterandDeChiara_2018	PRJEB13017	?
ERR1309335	AMF	PeterandDeChiara_2018	PRJEB13017	?
ERR1309347	AMG	PeterandDeChiara_2018	PRJEB13017	8. Mixed origin 
ERR1308682	AMH	PeterandDeChiara_2018	PRJEB13017	17. Taiwanese 
ERR1309063	AMI	PeterandDeChiara_2018	PRJEB13017	8. Mixed origin 
ERR1309092	AMK	PeterandDeChiara_2018	PRJEB13017	8. Mixed origin 
ERR1308615	AML	PeterandDeChiara_2018	PRJEB13017	8. Mixed origin 
ERR1308766	AMM	PeterandDeChiara_2018	PRJEB13017	?
ERR1309385	AMN	PeterandDeChiara_2018	PRJEB13017	8. Mixed origin 
ERR1309121	AMP	PeterandDeChiara_2018	PRJEB13017	M1. Mosaic region 1
ERR1308864	AMQ	PeterandDeChiara_2018	PRJEB13017	8. Mixed origin 
ERR1309143	AMR	PeterandDeChiara_2018	PRJEB13017	1. Wine/European 
ERR1308981	AMS	PeterandDeChiara_2018	PRJEB13017	1. Wine/European 
ERR1308624	AMT	PeterandDeChiara_2018	PRJEB13017	1. Wine/European (subclade 3)
ERR747926	AN1f2	Almeida_2015	PRJEB7601	Mosaic
ERR747927	AN1g2	Almeida_2015	PRJEB7601	Mosaic
ERR747925	AN3e1	Almeida_2015	PRJEB7601	Mosaic
ERR1309098	ANA	PeterandDeChiara_2018	PRJEB13017	M3. Mosaic region 3
ERR1309458	ANC	PeterandDeChiara_2018	PRJEB13017	23. North American oak 
ERR1309359	AND	PeterandDeChiara_2018	PRJEB13017	23. North American oak 
ERR1308867	ANE	PeterandDeChiara_2018	PRJEB13017	23. North American oak 
ERR1308955	ANF	PeterandDeChiara_2018	PRJEB13017	23. North American oak 
ERR1308936	ANG	PeterandDeChiara_2018	PRJEB13017	23. North American oak 
SRR7851918	ANG.CJ.1	Duan_2019	PRJNA396809	Huangjiu
SRR7851753	ANG1	Duan_2019	PRJNA396809	ADY
SRR7851922	ANGGW.1	Duan_2019	PRJNA396809	Mantou 3
ERR1308739	ANH	PeterandDeChiara_2018	PRJEB13017	23. North American oak 
ERR1309448	ANI	PeterandDeChiara_2018	PRJEB13017	23. North American oak 
ERR1309162	ANK	PeterandDeChiara_2018	PRJEB13017	23. North American oak 
ERR1308751	ANL	PeterandDeChiara_2018	PRJEB13017	6. African beer 
ERR1308960	ANM	PeterandDeChiara_2018	PRJEB13017	6. African beer 
ERR1308724	ANN	PeterandDeChiara_2018	PRJEB13017	12. West African cocoa 
ERR1309376	ANP	PeterandDeChiara_2018	PRJEB13017	8. Mixed origin 
ERR1309495	ANQ	PeterandDeChiara_2018	PRJEB13017	1. Wine/European 
ERR1309353	ANR	PeterandDeChiara_2018	PRJEB13017	25. Sake 
ERR1308880	ANS	PeterandDeChiara_2018	PRJEB13017	25. Sake 
ERR1309011	ANT	PeterandDeChiara_2018	PRJEB13017	25. Sake 
ERR1308740	ANV	PeterandDeChiara_2018	PRJEB13017	25. Sake 
ERR2299988	AP13.1	Barbosa_2018	PRJEB24932	Bread
ERR3010128	AP16.1	Pontes_2019	PRJEB30431	olives
ERR3010129	AP17.1	Pontes_2019	PRJEB30431	olives
ERR3010125	AP5.4	Pontes_2019	PRJEB30431	olives
ERR3010126	AP6.2	Pontes_2019	PRJEB30431	olives
ERR3010127	AP7.2	Pontes_2019	PRJEB30431	olives
ERR1308829	APA	PeterandDeChiara_2018	PRJEB13017	25. Sake 
ERR1309055	APC	PeterandDeChiara_2018	PRJEB13017	25. Sake 
ERR1308912	APD	PeterandDeChiara_2018	PRJEB13017	25. Sake 
ERR1309140	APE	PeterandDeChiara_2018	PRJEB13017	25. Sake 
ERR1308759	APF	PeterandDeChiara_2018	PRJEB13017	25. Sake 
ERR1309220	APG	PeterandDeChiara_2018	PRJEB13017	3. Brazilian bioethanol 
ERR1308918	APH	PeterandDeChiara_2018	PRJEB13017	3. Brazilian bioethanol 
ERR1308707	API	PeterandDeChiara_2018	PRJEB13017	8. Mixed origin 
ERR1308678	APK	PeterandDeChiara_2018	PRJEB13017	8. Mixed origin 
ERR1309404	APL	PeterandDeChiara_2018	PRJEB13017	8. Mixed origin 
ERR1309296	APM	PeterandDeChiara_2018	PRJEB13017	8. Mixed origin 
ERR1309119	APN	PeterandDeChiara_2018	PRJEB13017	8. Mixed origin 
ERR1309259	APP	PeterandDeChiara_2018	PRJEB13017	7. Mosaic beer 
ERR1309447	APQ	PeterandDeChiara_2018	PRJEB13017	13. African palm wine 
ERR1308871	APR	PeterandDeChiara_2018	PRJEB13017	13. African palm wine 
ERR1308939	APS	PeterandDeChiara_2018	PRJEB13017	1. Wine/European 
ERR1308651	APT	PeterandDeChiara_2018	PRJEB13017	1. Wine/European 
ERR1309025	APV	PeterandDeChiara_2018	PRJEB13017	1. Wine/European 
ERR1309511	AQA	PeterandDeChiara_2018	PRJEB13017	2. Alpechin 
ERR1308988	AQB	PeterandDeChiara_2018	PRJEB13017	1. Wine/European 
ERR1308897	AQC	PeterandDeChiara_2018	PRJEB13017	1. Wine/European (subclade 4)
ERR1309262	AQD	PeterandDeChiara_2018	PRJEB13017	2. Alpechin 
ERR1308580	AQE	PeterandDeChiara_2018	PRJEB13017	1. Wine/European (subclade 4)
ERR1308609	AQG	PeterandDeChiara_2018	PRJEB13017	7. Mosaic beer 
ERR1309146	AQH	PeterandDeChiara_2018	PRJEB13017	7. Mosaic beer 
ERR1309318	AQI	PeterandDeChiara_2018	PRJEB13017	8. Mixed origin 
ERR1308875	AQM	PeterandDeChiara_2018	PRJEB13017	5. French dairy 
ERR1308777	AQN	PeterandDeChiara_2018	PRJEB13017	25. Sake 
ERR1309355	AQP	PeterandDeChiara_2018	PRJEB13017	1. Wine/European (subclade 4)
ERR1308811	AQQ	PeterandDeChiara_2018	PRJEB13017	1. Wine/European 
ERR1308923	AQR	PeterandDeChiara_2018	PRJEB13017	1. Wine/European 
ERR1308967	AQS	PeterandDeChiara_2018	PRJEB13017	26. Asian fermentation 
ERR1309217	AQT	PeterandDeChiara_2018	PRJEB13017	11. Ale beer 
ERR1309080	ARA	PeterandDeChiara_2018	PRJEB13017	M3. Mosaic region 3
ERR1309422	ARB	PeterandDeChiara_2018	PRJEB13017	M3. Mosaic region 3
ERR1308716	ARC	PeterandDeChiara_2018	PRJEB13017	1. Wine/European 
ERR1309456	ARE	PeterandDeChiara_2018	PRJEB13017	7. Mosaic beer 
ERR1308649	ARG	PeterandDeChiara_2018	PRJEB13017	24. Asian islands 
ERR1309054	ARH	PeterandDeChiara_2018	PRJEB13017	24. Asian islands 
ERR1308645	ARI	PeterandDeChiara_2018	PRJEB13017	24. Asian islands 
ERR1308610	ARK	PeterandDeChiara_2018	PRJEB13017	1. Wine/European 
ERR1309170	ARL	PeterandDeChiara_2018	PRJEB13017	1. Wine/European 
ERR1308768	ARM	PeterandDeChiara_2018	PRJEB13017	25. Sake 
ERR1308612	ARN	PeterandDeChiara_2018	PRJEB13017	5. French dairy 
ERR1309069	ARP	PeterandDeChiara_2018	PRJEB13017	25. Sake 
ERR1309201	ARQ	PeterandDeChiara_2018	PRJEB13017	1. Wine/European 
ERR1309066	ARR	PeterandDeChiara_2018	PRJEB13017	5. French dairy 
ERR1309161	ARS	PeterandDeChiara_2018	PRJEB13017	5. French dairy 
ERR1309369	ART	PeterandDeChiara_2018	PRJEB13017	1. Wine/European (subclade 4)
ERR1308660	ARV	PeterandDeChiara_2018	PRJEB13017	1. Wine/European 
ERR1308769	ASA	PeterandDeChiara_2018	PRJEB13017	1. Wine/European (subclade 4)
ERR1309421	ASB	PeterandDeChiara_2018	PRJEB13017	7. Mosaic beer 
ERR1309342	ASC	PeterandDeChiara_2018	PRJEB13017	6. African beer 
ERR1308866	ASD	PeterandDeChiara_2018	PRJEB13017	1. Wine/European 
ERR1309317	ASE	PeterandDeChiara_2018	PRJEB13017	1. Wine/European 
ERR1308592	ASG	PeterandDeChiara_2018	PRJEB13017	1. Wine/European 
ERR1308979	ASH	PeterandDeChiara_2018	PRJEB13017	11. Ale beer 
ERR1309203	ASL	PeterandDeChiara_2018	PRJEB13017	8. Mixed origin 
ERR1309452	ASM	PeterandDeChiara_2018	PRJEB13017	?
ERR1309408	ASN	PeterandDeChiara_2018	PRJEB13017	5. French dairy 
ERR1309151	ASP	PeterandDeChiara_2018	PRJEB13017	8. Mixed origin 
ERR1309292	ASR	PeterandDeChiara_2018	PRJEB13017	1. Wine/European 
ERR1309325	ASS	PeterandDeChiara_2018	PRJEB13017	1. Wine/European 
ERR1309383	AST	PeterandDeChiara_2018	PRJEB13017	M1. Mosaic region 1 
ERR1308883	ASV	PeterandDeChiara_2018	PRJEB13017	M1. Mosaic region 1
ERR1309171	ATA	PeterandDeChiara_2018	PRJEB13017	1. Wine/European 
ERR1309490	ATB	PeterandDeChiara_2018	PRJEB13017	M3. Mosaic region 3
ERR1308677	ATC	PeterandDeChiara_2018	PRJEB13017	M3. Mosaic region 3
ERR1309283	ATD	PeterandDeChiara_2018	PRJEB13017	M3. Mosaic region 3
ERR1308595	ATE	PeterandDeChiara_2018	PRJEB13017	M3. Mosaic region 3
ERR1308935	ATH	PeterandDeChiara_2018	PRJEB13017	1. Wine/European 
ERR1308689	ATM	PeterandDeChiara_2018	PRJEB13017	1. Wine/European 
ERR1308590	ATN	PeterandDeChiara_2018	PRJEB13017	1. Wine/European 
ERR1309036	ATP	PeterandDeChiara_2018	PRJEB13017	13. African palm wine 
ERR1309464	ATQ	PeterandDeChiara_2018	PRJEB13017	2. Alpechin 
ERR1309498	ATR	PeterandDeChiara_2018	PRJEB13017	8. Mixed origin 
ERR1308978	ATS	PeterandDeChiara_2018	PRJEB13017	8. Mixed origin 
ERR1309313	ATV	PeterandDeChiara_2018	PRJEB13017	11. Ale beer 
ERR1308690	AVB	PeterandDeChiara_2018	PRJEB13017	2. Alpechin 
ERR1309002	AVC	PeterandDeChiara_2018	PRJEB13017	25. Sake 
ERR1308761	AVD	PeterandDeChiara_2018	PRJEB13017	25. Sake 
ERR1309257	AVH	PeterandDeChiara_2018	PRJEB13017	1. Wine/European 
ERR1309496	AVI	PeterandDeChiara_2018	PRJEB13017	23. North American oak 
ERR1308973	AVK	PeterandDeChiara_2018	PRJEB13017	1. Wine/European 
ERR1308878	AVL	PeterandDeChiara_2018	PRJEB13017	25. Sake 
ERR1309508	AVM	PeterandDeChiara_2018	PRJEB13017	25. Sake 
ERR1309191	AVN	PeterandDeChiara_2018	PRJEB13017	6. African beer 
ERR1309235	AVP	PeterandDeChiara_2018	PRJEB13017	6. African beer 
ERR1309333	AVQ	PeterandDeChiara_2018	PRJEB13017	6. African beer 
ERR1309185	AVR	PeterandDeChiara_2018	PRJEB13017	6. African beer 
ERR1308654	AVS	PeterandDeChiara_2018	PRJEB13017	6. African beer 
ERR1308900	AVT	PeterandDeChiara_2018	PRJEB13017	6. African beer 
ERR1308833	AVV	PeterandDeChiara_2018	PRJEB13017	13. African palm wine 
SRR7851788	B1-1	Duan_2019	PRJNA396809	Milk
ERR1309382	BAA	PeterandDeChiara_2018	PRJEB13017	13. African palm wine 
ERR1308961	BAB	PeterandDeChiara_2018	PRJEB13017	13. African palm wine 
ERR1308796	BAC	PeterandDeChiara_2018	PRJEB13017	13. African palm wine 
ERR1309504	BAD	PeterandDeChiara_2018	PRJEB13017	13. African palm wine 
ERR1308719	BAE	PeterandDeChiara_2018	PRJEB13017	13. African palm wine 
ERR1309149	BAF	PeterandDeChiara_2018	PRJEB13017	13. African palm wine 
ERR1309520	BAG	PeterandDeChiara_2018	PRJEB13017	15. CHNII 
ERR1309120	BAH	PeterandDeChiara_2018	PRJEB13017	15. CHNII 
ERR1309197	BAI	PeterandDeChiara_2018	PRJEB13017	18. Far East Asia 
ERR1308953	BAK	PeterandDeChiara_2018	PRJEB13017	18. Far East Asia 
ERR1308996	BAL	PeterandDeChiara_2018	PRJEB13017	16. CHNI
ERR1309243	BAM	PeterandDeChiara_2018	PRJEB13017	14. CHNIII 
ERR1309349	BAN	PeterandDeChiara_2018	PRJEB13017	20. CHN V 
ERR1309370	BAP	PeterandDeChiara_2018	PRJEB13017	20. CHN V 
ERR1308854	BAQ	PeterandDeChiara_2018	PRJEB13017	14. CHNIII 
ERR1308835	BAR	PeterandDeChiara_2018	PRJEB13017	1. Wine/European 
ERR1308632	BAS	PeterandDeChiara_2018	PRJEB13017	1. Wine/European 
ERR1309295	BAT	PeterandDeChiara_2018	PRJEB13017	1. Wine/European 
ERR1309479	BAV	PeterandDeChiara_2018	PRJEB13017	1. Wine/European 
ERR1308718	BBA	PeterandDeChiara_2018	PRJEB13017	1. Wine/European 
ERR1308613	BBB	PeterandDeChiara_2018	PRJEB13017	1. Wine/European 
ERR1308693	BBC	PeterandDeChiara_2018	PRJEB13017	8. Mixed origin 
ERR1309196	BBD	PeterandDeChiara_2018	PRJEB13017	8. Mixed origin 
ERR1309236	BBE	PeterandDeChiara_2018	PRJEB13017	8. Mixed origin 
ERR1308652	BBF	PeterandDeChiara_2018	PRJEB13017	8. Mixed origin 
ERR1309440	BBG	PeterandDeChiara_2018	PRJEB13017	11. Ale beer 
ERR1308705	BBH	PeterandDeChiara_2018	PRJEB13017	1. Wine/European (subclade 1)
ERR1309221	BBI	PeterandDeChiara_2018	PRJEB13017	1. Wine/European (subclade 1)
ERR1308931	BBK	PeterandDeChiara_2018	PRJEB13017	1. Wine/European (subclade 1)
ERR1308793	BBL	PeterandDeChiara_2018	PRJEB13017	M3. Mosaic region 3
ERR1309366	BBM	PeterandDeChiara_2018	PRJEB13017	?
ERR1308640	BBP	PeterandDeChiara_2018	PRJEB13017	8. Mixed origin 
ERR1309256	BBQ	PeterandDeChiara_2018	PRJEB13017	4. Mediterranean oak 
ERR1308666	BBR	PeterandDeChiara_2018	PRJEB13017	?
ERR1309052	BBS	PeterandDeChiara_2018	PRJEB13017	4. Mediterranean oak 
ERR1308730	BBT	PeterandDeChiara_2018	PRJEB13017	M3. Mosaic region 3
ERR1308674	BBV	PeterandDeChiara_2018	PRJEB13017	1. Wine/European 
ERR1309307	BCA	PeterandDeChiara_2018	PRJEB13017	1. Wine/European (subclade 3)
ERR1309269	BCB	PeterandDeChiara_2018	PRJEB13017	10. French Guiana human 
ERR1309046	BCC	PeterandDeChiara_2018	PRJEB13017	10. French Guiana human 
ERR1308841	BCD	PeterandDeChiara_2018	PRJEB13017	10. French Guiana human 
ERR1309177	BCE	PeterandDeChiara_2018	PRJEB13017	10. French Guiana human 
ERR1309105	BCF	PeterandDeChiara_2018	PRJEB13017	10. French Guiana human 
ERR1309193	BCG	PeterandDeChiara_2018	PRJEB13017	10. French Guiana human 
ERR1308888	BCH	PeterandDeChiara_2018	PRJEB13017	10. French Guiana human 
ERR1308889	BCI	PeterandDeChiara_2018	PRJEB13017	10. French Guiana human 
ERR1309337	BCK	PeterandDeChiara_2018	PRJEB13017	10. French Guiana human 
ERR1308742	BCL	PeterandDeChiara_2018	PRJEB13017	10. French Guiana human 
ERR1309306	BCM	PeterandDeChiara_2018	PRJEB13017	10. French Guiana human 
ERR1308824	BCN	PeterandDeChiara_2018	PRJEB13017	10. French Guiana human 
ERR1308848	BCP	PeterandDeChiara_2018	PRJEB13017	10. French Guiana human 
ERR1309332	BCQ	PeterandDeChiara_2018	PRJEB13017	10. French Guiana human 
ERR1309079	BCR	PeterandDeChiara_2018	PRJEB13017	8. Mixed origin 
ERR1308581	BCS	PeterandDeChiara_2018	PRJEB13017	8. Mixed origin 
ERR1309279	BCT	PeterandDeChiara_2018	PRJEB13017	8. Mixed origin 
ERR1309097	BCV	PeterandDeChiara_2018	PRJEB13017	M2. Mosaic region 2
ERR1309516	BDA	PeterandDeChiara_2018	PRJEB13017	M2. Mosaic region 2
ERR1309348	BDB	PeterandDeChiara_2018	PRJEB13017	M2. Mosaic region 2
ERR1309251	BDC	PeterandDeChiara_2018	PRJEB13017	M3. Mosaic region 3
ERR1308865	BDD	PeterandDeChiara_2018	PRJEB13017	M2. Mosaic region 2
ERR1308882	BDE	PeterandDeChiara_2018	PRJEB13017	M2. Mosaic region 2
ERR1308842	BDF	PeterandDeChiara_2018	PRJEB13017	M3. Mosaic region 3
ERR1309086	BDG	PeterandDeChiara_2018	PRJEB13017	M3. Mosaic region 3
ERR1309015	BDH	PeterandDeChiara_2018	PRJEB13017	M2. Mosaic region 2
ERR1309129	BDI	PeterandDeChiara_2018	PRJEB13017	M2. Mosaic region 2
ERR1309132	BDK	PeterandDeChiara_2018	PRJEB13017	M2. Mosaic region 2
ERR1309445	BDL	PeterandDeChiara_2018	PRJEB13017	8. Mixed origin 
ERR1309229	BDM	PeterandDeChiara_2018	PRJEB13017	M3. Mosaic region 3
ERR1308696	BDN	PeterandDeChiara_2018	PRJEB13017	6. African beer 
ERR1308913	BDP	PeterandDeChiara_2018	PRJEB13017	10. French Guiana human 
ERR1308904	BDQ	PeterandDeChiara_2018	PRJEB13017	10. French Guiana human 
ERR1308787	BDR	PeterandDeChiara_2018	PRJEB13017	10. French Guiana human 
ERR1309396	BDS	PeterandDeChiara_2018	PRJEB13017	10. French Guiana human 
ERR1309413	BDT	PeterandDeChiara_2018	PRJEB13017	10. French Guiana human 
ERR1308748	BDV	PeterandDeChiara_2018	PRJEB13017	10. French Guiana human 
SRR5678584	BE001	Gallone_2016	PRJNA323691	Britain
SRR5678585	BE002	Gallone_2016	PRJNA323691	Beer2
SRR5678608	BE003	Gallone_2016	PRJNA323691	Beer2
SRR5678609	BE004	Gallone_2016	PRJNA323691	Beer2
SRR5678606	BE005	Gallone_2016	PRJNA323691	Mixed
SRR5678607	BE006	Gallone_2016	PRJNA323691	Mixed
SRR5678596	BE007	Gallone_2016	PRJNA323691	US
SRR5678600	BE008	Gallone_2016	PRJNA323691	Belgium/Germany
SRR5678576	BE009	Gallone_2016	PRJNA323691	Britain
SRR5678577	BE010	Gallone_2016	PRJNA323691	Britain
SRR5678570	BE011	Gallone_2016	PRJNA323691	Beer2
SRR5678571	BE012	Gallone_2016	PRJNA323691	Belgium/Germany
SRR5678568	BE013	Gallone_2016	PRJNA323691	Beer2
SRR5678569	BE014	Gallone_2016	PRJNA323691	Wine
SRR5678566	BE015	Gallone_2016	PRJNA323691	Belgium/Germany
SRR5678567	BE016	Gallone_2016	PRJNA323691	Belgium/Germany
SRR5678564	BE017	Gallone_2016	PRJNA323691	Mosaic
SRR5678565	BE018	Gallone_2016	PRJNA323691	Mosaic
SRR5678572	BE019	Gallone_2016	PRJNA323691	Mosaic
SRR5678573	BE020	Gallone_2016	PRJNA323691	Wine
SRR5678680	BE021	Gallone_2016	PRJNA323691	Beer2
SRR5678679	BE022	Gallone_2016	PRJNA323691	Belgium/Germany
SRR5678678	BE023	Gallone_2016	PRJNA323691	Mixed
SRR5678677	BE024	Gallone_2016	PRJNA323691	Wine
SRR5678676	BE025	Gallone_2016	PRJNA323691	Mixed
SRR5678675	BE026	Gallone_2016	PRJNA323691	Belgium/Germany
SRR5678674	BE027	Gallone_2016	PRJNA323691	Beer2
SRR5678673	BE028	Gallone_2016	PRJNA323691	Mixed
SRR5678672	BE029	Gallone_2016	PRJNA323691	Mixed
SRR5678671	BE030	Gallone_2016	PRJNA323691	Wine
SRR5678683	BE031	Gallone_2016	PRJNA323691	Belgium/Germany
SRR5678684	BE032	Gallone_2016	PRJNA323691	Beer2
SRR5678685	BE033	Gallone_2016	PRJNA323691	Wine
SRR5678686	BE034	Gallone_2016	PRJNA323691	Beer2
SRR5678687	BE035	Gallone_2016	PRJNA323691	Mosaic
SRR5678688	BE036	Gallone_2016	PRJNA323691	Britain
SRR5678689	BE037	Gallone_2016	PRJNA323691	Britain
SRR5678690	BE038	Gallone_2016	PRJNA323691	Mixed
SRR5678681	BE039	Gallone_2016	PRJNA323691	Beer2
SRR5678682	BE040	Gallone_2016	PRJNA323691	Beer2
SRR5678616	BE041	Gallone_2016	PRJNA323691	Belgium/Germany
SRR5678615	BE042	Gallone_2016	PRJNA323691	Mosaic
SRR5678618	BE043	Gallone_2016	PRJNA323691	Belgium/Germany
SRR5688140	BE044	Gallone_2016	PRJNA323691	US
SRR5688142	BE045	Gallone_2016	PRJNA323691	Britain
SRR5688144	BE046	Gallone_2016	PRJNA323691	Belgium/Germany
SRR5688146	BE047	Gallone_2016	PRJNA323691	Britain
SRR5688148	BE048	Gallone_2016	PRJNA323691	Britain
SRR5688150	BE049	Gallone_2016	PRJNA323691	Britain
SRR5688152	BE050	Gallone_2016	PRJNA323691	Britain
SRR5688154	BE051	Gallone_2016	PRJNA323691	US
SRR5688156	BE052	Gallone_2016	PRJNA323691	NS
SRR5688158	BE053	Gallone_2016	PRJNA323691	Britain
SRR5688160	BE054	Gallone_2016	PRJNA323691	Britain
SRR5688162	BE055	Gallone_2016	PRJNA323691	Britain
SRR5688164	BE056	Gallone_2016	PRJNA323691	Britain
SRR5688166	BE057	Gallone_2016	PRJNA323691	Mosaic
SRR5688168	BE058	Gallone_2016	PRJNA323691	Mosaic
SRR5688170	BE059	Gallone_2016	PRJNA323691	Beer2
SRR5688172	BE060	Gallone_2016	PRJNA323691	Mosaic
SRR5688174	BE061	Gallone_2016	PRJNA323691	Mixed
SRR5688176	BE062	Gallone_2016	PRJNA323691	Beer2
SRR5688178	BE063	Gallone_2016	PRJNA323691	Beer2
SRR5688180	BE064	Gallone_2016	PRJNA323691	Britain
SRR5688182	BE065	Gallone_2016	PRJNA323691	US
SRR5688184	BE066	Gallone_2016	PRJNA323691	Britain
SRR5688186	BE067	Gallone_2016	PRJNA323691	US
SRR5688188	BE068	Gallone_2016	PRJNA323691	US
SRR5688190	BE069	Gallone_2016	PRJNA323691	Britain
SRR5688192	BE070	Gallone_2016	PRJNA323691	Britain
SRR5688194	BE071	Gallone_2016	PRJNA323691	US
SRR5688196	BE072	Gallone_2016	PRJNA323691	Mosaic
SRR5688198	BE073	Gallone_2016	PRJNA323691	Belgium/Germany
SRR5688200	BE074	Gallone_2016	PRJNA323691	Mosaic
SRR5688202	BE075	Gallone_2016	PRJNA323691	Belgium/Germany
SRR5688204	BE076	Gallone_2016	PRJNA323691	Belgium/Germany
SRR5688206	BE077	Gallone_2016	PRJNA323691	Belgium/Germany
SRR5688208	BE078	Gallone_2016	PRJNA323691	Belgium/Germany
SRR5688210	BE079	Gallone_2016	PRJNA323691	Britain
SRR5688212	BE080	Gallone_2016	PRJNA323691	Beer2
SRR5688214	BE081	Gallone_2016	PRJNA323691	Belgium/Germany
SRR5688216	BE082	Gallone_2016	PRJNA323691	US
SRR5688218	BE083	Gallone_2016	PRJNA323691	Beer2
SRR5688220	BE084	Gallone_2016	PRJNA323691	Beer2
SRR5688222	BE085	Gallone_2016	PRJNA323691	Beer2
SRR5688224	BE086	Gallone_2016	PRJNA323691	Beer2
SRR5688226	BE087	Gallone_2016	PRJNA323691	Belgium/Germany
SRR5688228	BE088	Gallone_2016	PRJNA323691	Wine
SRR5688230	BE089	Gallone_2016	PRJNA323691	Britain
SRR5688232	BE090	Gallone_2016	PRJNA323691	Britain
SRR5688234	BE091	Gallone_2016	PRJNA323691	Beer2
SRR5688236	BE092	Gallone_2016	PRJNA323691	Beer2
SRR5688238	BE093	Gallone_2016	PRJNA323691	Mosaic
SRR5688240	BE094	Gallone_2016	PRJNA323691	Britain
SRR5688242	BE095	Gallone_2016	PRJNA323691	NS
SRR5688244	BE096	Gallone_2016	PRJNA323691	NS
SRR5688246	BE097	Gallone_2016	PRJNA323691	NS
SRR5688248	BE098	Gallone_2016	PRJNA323691	US
SRR5688250	BE099	Gallone_2016	PRJNA323691	Britain
SRR5688252	BE100	Gallone_2016	PRJNA323691	Britain
SRR5688254	BE101	Gallone_2016	PRJNA323691	Britain
SRR5688256	BE102	Gallone_2016	PRJNA323691	US
ERR1308785	BEA	PeterandDeChiara_2018	PRJEB13017	10. French Guiana human 
ERR1308591	BEB	PeterandDeChiara_2018	PRJEB13017	10. French Guiana human 
ERR1309467	BEC	PeterandDeChiara_2018	PRJEB13017	10. French Guiana human 
ERR1309232	BED	PeterandDeChiara_2018	PRJEB13017	10. French Guiana human 
ERR1308727	BEE	PeterandDeChiara_2018	PRJEB13017	10. French Guiana human 
ERR1308868	BEF	PeterandDeChiara_2018	PRJEB13017	26. Asian fermentation 
ERR1308857	BEG	PeterandDeChiara_2018	PRJEB13017	?
ERR1308911	BEH	PeterandDeChiara_2018	PRJEB13017	26. Asian fermentation 
ERR1308758	BEI	PeterandDeChiara_2018	PRJEB13017	6. African beer 
ERR1308948	BEK	PeterandDeChiara_2018	PRJEB13017	6. African beer 
ERR1309384	BEM	PeterandDeChiara_2018	PRJEB13017	6. African beer 
ERR1309147	BEN	PeterandDeChiara_2018	PRJEB13017	6. African beer 
ERR1308821	BEP	PeterandDeChiara_2018	PRJEB13017	1. Wine/European (subclade 1)
ERR1308930	BEQ	PeterandDeChiara_2018	PRJEB13017	1. Wine/European 
ERR1308894	BER	PeterandDeChiara_2018	PRJEB13017	1. Wine/European 
ERR1309142	BES	PeterandDeChiara_2018	PRJEB13017	1. Wine/European 
ERR1309096	BET	PeterandDeChiara_2018	PRJEB13017	1. Wine/European 
ERR1308991	BEV	PeterandDeChiara_2018	PRJEB13017	1. Wine/European 
ERR1309293	BFA	PeterandDeChiara_2018	PRJEB13017	?
ERR1308764	BFB	PeterandDeChiara_2018	PRJEB13017	1. Wine/European (subclade 1)
ERR1309371	BFC	PeterandDeChiara_2018	PRJEB13017	1. Wine/European 
ERR1309389	BFD	PeterandDeChiara_2018	PRJEB13017	1. Wine/European (subclade 1)
ERR1309274	BFE	PeterandDeChiara_2018	PRJEB13017	8. Mixed origin 
ERR1309059	BFG	PeterandDeChiara_2018	PRJEB13017	8. Mixed origin 
ERR1309204	BFH	PeterandDeChiara_2018	PRJEB13017	5. French dairy 
ERR1308921	BFK	PeterandDeChiara_2018	PRJEB13017	1. Wine/European 
ERR1308808	BFL	PeterandDeChiara_2018	PRJEB13017	?
ERR1308976	BFM	PeterandDeChiara_2018	PRJEB13017	8. Mixed origin 
ERR1309053	BFN	PeterandDeChiara_2018	PRJEB13017	5. French dairy 
ERR1309488	BFP	PeterandDeChiara_2018	PRJEB13017	4. Mediterranean oak 
ERR1308789	BFQ	PeterandDeChiara_2018	PRJEB13017	1. Wine/European 
ERR1309027	BFR	PeterandDeChiara_2018	PRJEB13017	1. Wine/European 
ERR1308798	BFS	PeterandDeChiara_2018	PRJEB13017	5. French dairy 
ERR1309477	BFT	PeterandDeChiara_2018	PRJEB13017	5. French dairy 
ERR1309014	BFV	PeterandDeChiara_2018	PRJEB13017	5. French dairy 
ERR1308797	BGA	PeterandDeChiara_2018	PRJEB13017	5. French dairy 
ERR1309048	BGB	PeterandDeChiara_2018	PRJEB13017	5. French dairy 
ERR1308856	BGC	PeterandDeChiara_2018	PRJEB13017	5. French dairy 
ERR1309432	BGD	PeterandDeChiara_2018	PRJEB13017	5. French dairy 
ERR1308752	BGE	PeterandDeChiara_2018	PRJEB13017	5. French dairy 
ERR1309446	BGF	PeterandDeChiara_2018	PRJEB13017	5. French dairy 
ERR1309365	BGG	PeterandDeChiara_2018	PRJEB13017	5. French dairy 
ERR1308779	BGH	PeterandDeChiara_2018	PRJEB13017	5. French dairy 
ERR1308910	BGI	PeterandDeChiara_2018	PRJEB13017	5. French dairy 
ERR1309230	BGK	PeterandDeChiara_2018	PRJEB13017	5. French dairy 
ERR1309362	BGL	PeterandDeChiara_2018	PRJEB13017	5. French dairy 
ERR1309503	BGM	PeterandDeChiara_2018	PRJEB13017	5. French dairy 
ERR1309392	BGN	PeterandDeChiara_2018	PRJEB13017	5. French dairy 
ERR1309402	BGP	PeterandDeChiara_2018	PRJEB13017	5. French dairy 
ERR1308997	BGQ	PeterandDeChiara_2018	PRJEB13017	5. French dairy 
ERR1308733	BGR	PeterandDeChiara_2018	PRJEB13017	5. French dairy 
ERR1309138	BGS	PeterandDeChiara_2018	PRJEB13017	5. French dairy 
ERR1309188	BGT	PeterandDeChiara_2018	PRJEB13017	5. French dairy 
ERR1309426	BGV	PeterandDeChiara_2018	PRJEB13017	5. French dairy 
ERR1308836	BHA	PeterandDeChiara_2018	PRJEB13017	6. African beer 
ERR1308877	BHB	PeterandDeChiara_2018	PRJEB13017	1. Wine/European 
ERR1309330	BHC	PeterandDeChiara_2018	PRJEB13017	1. Wine/European 
ERR1309491	BHD	PeterandDeChiara_2018	PRJEB13017	M1. Mosaic region 1
ERR1309344	BHE	PeterandDeChiara_2018	PRJEB13017	M1. Mosaic region 1
ERR1309275	BHF	PeterandDeChiara_2018	PRJEB13017	1. Wine/European 
ERR1308969	BHG	PeterandDeChiara_2018	PRJEB13017	M2. Mosaic region 2
ERR1308984	BHH	PeterandDeChiara_2018	PRJEB13017	M2. Mosaic region 2
ERR1309276	BHI	PeterandDeChiara_2018	PRJEB13017	M2. Mosaic region 2
ERR1308946	BHK	PeterandDeChiara_2018	PRJEB13017	M1. Mosaic region 1
ERR1308743	BHL	PeterandDeChiara_2018	PRJEB13017	M1. Mosaic region 1
ERR1309207	BHM	PeterandDeChiara_2018	PRJEB13017	M1. Mosaic region 1
ERR1309485	BHN	PeterandDeChiara_2018	PRJEB13017	1. Wine/European 
ERR1308760	BHP	PeterandDeChiara_2018	PRJEB13017	26. Asian fermentation 
ERR1308906	BHQ	PeterandDeChiara_2018	PRJEB13017	26. Asian fermentation 
ERR1308872	BHR	PeterandDeChiara_2018	PRJEB13017	26. Asian fermentation 
ERR1309199	BHS	PeterandDeChiara_2018	PRJEB13017	26. Asian fermentation 
ERR1309417	BHT	PeterandDeChiara_2018	PRJEB13017	M1. Mosaic region 1
ERR1309209	BHV	PeterandDeChiara_2018	PRJEB13017	1. Wine/European 
SRR5678612	BI001	Gallone_2016	PRJNA323691	Asian
SRR5678610	BI002	Gallone_2016	PRJNA323691	Mosaic
SRR5678579	BI003	Gallone_2016	PRJNA323691	Asian
SRR5678578	BI004	Gallone_2016	PRJNA323691	Asian
SRR5678581	BI005	Gallone_2016	PRJNA323691	Mosaic
ERR1309077	BIA	PeterandDeChiara_2018	PRJEB13017	1. Wine/European 
ERR1308672	BIB	PeterandDeChiara_2018	PRJEB13017	1. Wine/European 
ERR266420	BIBVC5.3	Ramazzotti_2018	PRJEB1871	insect intestine
ERR1309518	BIC	PeterandDeChiara_2018	PRJEB13017	1. Wine/European 
ERR1308662	BID	PeterandDeChiara_2018	PRJEB13017	1. Wine/European 
ERR1309250	BIE	PeterandDeChiara_2018	PRJEB13017	M3. Mosaic region 3
ERR1309328	BIF	PeterandDeChiara_2018	PRJEB13017	1. Wine/European 
ERR1308962	BIG	PeterandDeChiara_2018	PRJEB13017	1. Wine/European 
ERR1309428	BIH	PeterandDeChiara_2018	PRJEB13017	1. Wine/European 
ERR1308846	BII	PeterandDeChiara_2018	PRJEB13017	1. Wine/European 
ERR1309245	BIK	PeterandDeChiara_2018	PRJEB13017	1. Wine/European 
ERR1309475	BIL	PeterandDeChiara_2018	PRJEB13017	1. Wine/European 
ERR1309106	BIM	PeterandDeChiara_2018	PRJEB13017	1. Wine/European 
ERR1309126	BIN	PeterandDeChiara_2018	PRJEB13017	1. Wine/European 
ERR1309360	BIP	PeterandDeChiara_2018	PRJEB13017	1. Wine/European 
ERR1309399	BIQ	PeterandDeChiara_2018	PRJEB13017	1. Wine/European 
ERR1309247	BIR	PeterandDeChiara_2018	PRJEB13017	1. Wine/European 
ERR1308653	BIS	PeterandDeChiara_2018	PRJEB13017	1. Wine/European 
ERR1309505	BIT	PeterandDeChiara_2018	PRJEB13017	1. Wine/European 
SRR7851742	BJ1	Duan_2019	PRJNA396809	Mantou 7
SRR7851855	BJ10	Duan_2019	PRJNA396809	CHN-VIII
SRR7851854	BJ11	Duan_2019	PRJNA396809	CHN-VIII
SRR7851749	BJ13	Duan_2019	PRJNA396809	CHN-VIII
SRR7851731	BJ14	Duan_2019	PRJNA396809	CHN-IV
SRR7851688	BJ15	Duan_2019	PRJNA396809	CHN-IV
SRR7851687	BJ16	Duan_2019	PRJNA396809	CHN-IV
SRR7851690	BJ17	Duan_2019	PRJNA396809	CHN-IV
SRR7851689	BJ18	Duan_2019	PRJNA396809	CHN-IV
SRR7851692	BJ19	Duan_2019	PRJNA396809	CHN-IV
SRR7851851	BJ2	Duan_2019	PRJNA396809	CHN-VIII
SRR7851691	BJ20	Duan_2019	PRJNA396809	CHN-IV
SRR7851694	BJ21	Duan_2019	PRJNA396809	CHN-IV
SRR7851693	BJ22	Duan_2019	PRJNA396809	CHN-IV
SRR7851695	BJ24	Duan_2019	PRJNA396809	CHN-IV
SRR7851698	BJ25	Duan_2019	PRJNA396809	CHN-IV
SRR7851757	BJ26	Duan_2019	PRJNA396809	CHN-IV
SRR7851762	BJ27	Duan_2019	PRJNA396809	CHN-IV
SRR7851830	BJ28	Duan_2019	PRJNA396809	CHN-VI/VII
SRR7851720	BJ3	Duan_2019	PRJNA396809	CHN-IV
SRR7851828	BJ4	Duan_2019	PRJNA396809	CHN-VI/VII
SRR7851850	BJ5	Duan_2019	PRJNA396809	CHN-VIII
SRR7851727	BJ6	Duan_2019	PRJNA396809	CHN-IV
SRR7851827	BJ7	Duan_2019	PRJNA396809	CHN-VI/VII
SRR7851744	BJ8	Duan_2019	PRJNA396809	CHN-IV
SRR7851849	BJ9	Duan_2019	PRJNA396809	CHN-VIII
ERR1309058	BKA	PeterandDeChiara_2018	PRJEB13017	1. Wine/European 
ERR1308951	BKC	PeterandDeChiara_2018	PRJEB13017	1. Wine/European 
ERR1309176	BKD	PeterandDeChiara_2018	PRJEB13017	1. Wine/European 
ERR1308684	BKE	PeterandDeChiara_2018	PRJEB13017	1. Wine/European 
ERR1308838	BKF	PeterandDeChiara_2018	PRJEB13017	1. Wine/European 
ERR1309315	BKG	PeterandDeChiara_2018	PRJEB13017	1. Wine/European 
ERR1309116	BKH	PeterandDeChiara_2018	PRJEB13017	1. Wine/European 
ERR1309186	BKI	PeterandDeChiara_2018	PRJEB13017	1. Wine/European 
ERR1308954	BKK	PeterandDeChiara_2018	PRJEB13017	1. Wine/European 
ERR1309072	BKL	PeterandDeChiara_2018	PRJEB13017	1. Wine/European 
ERR1308584	BKM	PeterandDeChiara_2018	PRJEB13017	1. Wine/European 
ERR1309480	BKN	PeterandDeChiara_2018	PRJEB13017	1. Wine/European 
ERR1309023	BKP	PeterandDeChiara_2018	PRJEB13017	1. Wine/European 
ERR1308861	BKQ	PeterandDeChiara_2018	PRJEB13017	1. Wine/European 
ERR1309246	BKR	PeterandDeChiara_2018	PRJEB13017	1. Wine/European 
ERR1308661	BKS	PeterandDeChiara_2018	PRJEB13017	1. Wine/European 
ERR1309394	BKT	PeterandDeChiara_2018	PRJEB13017	1. Wine/European 
ERR1308826	BLA	PeterandDeChiara_2018	PRJEB13017	1. Wine/European 
ERR1308844	BLB	PeterandDeChiara_2018	PRJEB13017	1. Wine/European 
ERR1308757	BLC	PeterandDeChiara_2018	PRJEB13017	1. Wine/European 
ERR1309474	BLD	PeterandDeChiara_2018	PRJEB13017	1. Wine/European 
ERR1308668	BLE	PeterandDeChiara_2018	PRJEB13017	1. Wine/European 
ERR1309042	BLF	PeterandDeChiara_2018	PRJEB13017	1. Wine/European 
ERR1309215	BLG	PeterandDeChiara_2018	PRJEB13017	1. Wine/European 
ERR1309397	BLH	PeterandDeChiara_2018	PRJEB13017	1. Wine/European 
ERR1309182	BLI	PeterandDeChiara_2018	PRJEB13017	1. Wine/European 
ERR1308599	BLK	PeterandDeChiara_2018	PRJEB13017	1. Wine/European 
ERR1309302	BLL	PeterandDeChiara_2018	PRJEB13017	1. Wine/European 
ERR1308884	BLM	PeterandDeChiara_2018	PRJEB13017	1. Wine/European 
ERR1309476	BLN	PeterandDeChiara_2018	PRJEB13017	1. Wine/European 
ERR1309109	BLP	PeterandDeChiara_2018	PRJEB13017	1. Wine/European 
ERR1308898	BLQ	PeterandDeChiara_2018	PRJEB13017	1. Wine/European 
ERR1309223	BLR	PeterandDeChiara_2018	PRJEB13017	1. Wine/European 
ERR1308989	BLS	PeterandDeChiara_2018	PRJEB13017	1. Wine/European 
ERR1309425	BLT	PeterandDeChiara_2018	PRJEB13017	1. Wine/European 
ERR1308687	BLV	PeterandDeChiara_2018	PRJEB13017	1. Wine/European 
SRR7851800	BM5.1	Duan_2019	PRJNA396809	Mosaic
ERR1309324	BMA	PeterandDeChiara_2018	PRJEB13017	19. Malaysian 
ERR1308675	BMB	PeterandDeChiara_2018	PRJEB13017	19. Malaysian 
ERR1309525	BMC	PeterandDeChiara_2018	PRJEB13017	19. Malaysian 
ERR1309403	BMD	PeterandDeChiara_2018	PRJEB13017	M3. Mosaic region 3
ERR1309062	BME	PeterandDeChiara_2018	PRJEB13017	5. French dairy 
ERR1308611	BMF	PeterandDeChiara_2018	PRJEB13017	M3. Mosaic region 3
ERR1309341	BMG	PeterandDeChiara_2018	PRJEB13017	8. Mixed origin 
ERR1309252	BMH	PeterandDeChiara_2018	PRJEB13017	1. Wine/European (subclade 2)
ERR1308709	BMI	PeterandDeChiara_2018	PRJEB13017	1. Wine/European (subclade 2)
ERR1309395	BMK	PeterandDeChiara_2018	PRJEB13017	1. Wine/European (subclade 2)
ERR1309174	BML	PeterandDeChiara_2018	PRJEB13017	8. Mixed origin 
ERR1309282	BMM	PeterandDeChiara_2018	PRJEB13017	8. Mixed origin 
ERR1309263	BMN	PeterandDeChiara_2018	PRJEB13017	1. Wine/European (subclade 3)
ERR1309469	BMQ	PeterandDeChiara_2018	PRJEB13017	M3. Mosaic region 3 
ERR1309515	BMR	PeterandDeChiara_2018	PRJEB13017	10. French Guiana human 
ERR1308965	BMV	PeterandDeChiara_2018	PRJEB13017	10. French Guiana human 
ERR1309500	BNA	PeterandDeChiara_2018	PRJEB13017	10. French Guiana human 
ERR1308691	BNB	PeterandDeChiara_2018	PRJEB13017	10. French Guiana human 
ERR1308855	BNC	PeterandDeChiara_2018	PRJEB13017	10. French Guiana human 
ERR1309439	BND	PeterandDeChiara_2018	PRJEB13017	10. French Guiana human 
ERR1308659	BNE	PeterandDeChiara_2018	PRJEB13017	1. Wine/European 
ERR1309285	BNF	PeterandDeChiara_2018	PRJEB13017	1. Wine/European 
ERR1309266	BNG	PeterandDeChiara_2018	PRJEB13017	1. Wine/European 
ERR1309478	BNH	PeterandDeChiara_2018	PRJEB13017	1. Wine/European 
ERR1309060	BNI	PeterandDeChiara_2018	PRJEB13017	1. Wine/European 
ERR1308773	BNK	PeterandDeChiara_2018	PRJEB13017	1. Wine/European 
ERR1308681	BNL	PeterandDeChiara_2018	PRJEB13017	1. Wine/European 
ERR1308620	BNM	PeterandDeChiara_2018	PRJEB13017	1. Wine/European 
ERR1308605	BNN	PeterandDeChiara_2018	PRJEB13017	1. Wine/European 
ERR1308702	BNP	PeterandDeChiara_2018	PRJEB13017	1. Wine/European 
ERR1309272	BNQ	PeterandDeChiara_2018	PRJEB13017	1. Wine/European 
ERR1309056	BNR	PeterandDeChiara_2018	PRJEB13017	1. Wine/European 
ERR1308676	BNT	PeterandDeChiara_2018	PRJEB13017	1. Wine/European 
ERR1309319	BNV	PeterandDeChiara_2018	PRJEB13017	1. Wine/European 
ERR1309141	BPA	PeterandDeChiara_2018	PRJEB13017	M3. Mosaic region 3
ERR1309153	BPB	PeterandDeChiara_2018	PRJEB13017	1. Wine/European 
ERR1308717	BPC	PeterandDeChiara_2018	PRJEB13017	1. Wine/European 
ERR1308970	BPF	PeterandDeChiara_2018	PRJEB13017	1. Wine/European 
ERR1308932	BPG	PeterandDeChiara_2018	PRJEB13017	1. Wine/European 
ERR1308621	BPH	PeterandDeChiara_2018	PRJEB13017	1. Wine/European 
ERR1308899	BPI	PeterandDeChiara_2018	PRJEB13017	?
ERR1309254	BPK	PeterandDeChiara_2018	PRJEB13017	1. Wine/European 
ERR1308968	BPL	PeterandDeChiara_2018	PRJEB13017	1. Wine/European (subclade 4)
ERR1309290	BPM	PeterandDeChiara_2018	PRJEB13017	1. Wine/European 
ERR1309249	BPN	PeterandDeChiara_2018	PRJEB13017	?
ERR1308909	BPP	PeterandDeChiara_2018	PRJEB13017	1. Wine/European 
ERR1309338	BPQ	PeterandDeChiara_2018	PRJEB13017	1. Wine/European (subclade 1)
ERR1308886	BPR	PeterandDeChiara_2018	PRJEB13017	1. Wine/European (subclade 4)
ERR1309309	BPT	PeterandDeChiara_2018	PRJEB13017	1. Wine/European 
ERR1309401	BPV	PeterandDeChiara_2018	PRJEB13017	1. Wine/European 
SRR7851917	BQ1.1	Duan_2019	PRJNA396809	Huangjiu
SRR7851916	BQ8.1	Duan_2019	PRJNA396809	Huangjiu
SRR7851915	BQ8.2	Duan_2019	PRJNA396809	Huangjiu
ERR1309391	BQA	PeterandDeChiara_2018	PRJEB13017	1. Wine/European (subclade 1)
ERR1308683	BQB	PeterandDeChiara_2018	PRJEB13017	1. Wine/European 
ERR1308813	BQC	PeterandDeChiara_2018	PRJEB13017	1. Wine/European 
ERR1309409	BQE	PeterandDeChiara_2018	PRJEB13017	1. Wine/European 
ERR1308736	BQG	PeterandDeChiara_2018	PRJEB13017	1. Wine/European 
ERR1309501	BQH	PeterandDeChiara_2018	PRJEB13017	1. Wine/European 
ERR1309083	BQI	PeterandDeChiara_2018	PRJEB13017	1. Wine/European 
ERR1309180	BQM	PeterandDeChiara_2018	PRJEB13017	1. Wine/European 
ERR1309082	BQN	PeterandDeChiara_2018	PRJEB13017	1. Wine/European (subclade 1)
ERR1309158	BQP	PeterandDeChiara_2018	PRJEB13017	1. Wine/European 
ERR1309168	BQQ	PeterandDeChiara_2018	PRJEB13017	1. Wine/European 
ERR1308891	BQR	PeterandDeChiara_2018	PRJEB13017	1. Wine/European 
ERR1308579	BQS	PeterandDeChiara_2018	PRJEB13017	1. Wine/European 
ERR1309130	BQT	PeterandDeChiara_2018	PRJEB13017	1. Wine/European 
SRR5678580	BR001	Gallone_2016	PRJNA323691	Mixed
SRR5678575	BR002	Gallone_2016	PRJNA323691	Mixed
SRR5678574	BR003	Gallone_2016	PRJNA323691	Mixed
SRR5678552	BR004	Gallone_2016	PRJNA323691	Mixed
ERR1309323	BRA	PeterandDeChiara_2018	PRJEB13017	1. Wine/European 
ERR1309172	BRB	PeterandDeChiara_2018	PRJEB13017	1. Wine/European 
ERR1308927	BRC	PeterandDeChiara_2018	PRJEB13017	1. Wine/European (subclade 1)
ERR1308940	BRD	PeterandDeChiara_2018	PRJEB13017	1. Wine/European 
ERR1309118	BRE	PeterandDeChiara_2018	PRJEB13017	1. Wine/European 
ERR1308630	BRF	PeterandDeChiara_2018	PRJEB13017	1. Wine/European 
ERR1309502	BRG	PeterandDeChiara_2018	PRJEB13017	26. Asian fermentation 
ERR1309310	BRH	PeterandDeChiara_2018	PRJEB13017	1. Wine/European 
ERR1309244	BRK	PeterandDeChiara_2018	PRJEB13017	2. Alpechin 
ERR1308998	BRL	PeterandDeChiara_2018	PRJEB13017	M3. Mosaic region 3
ERR1309517	BRM	PeterandDeChiara_2018	PRJEB13017	7. Mosaic beer 
ERR1309377	BRP	PeterandDeChiara_2018	PRJEB13017	11. Ale beer 
ERR1309175	BRQ	PeterandDeChiara_2018	PRJEB13017	11. Ale beer 
ERR1309009	BRV	PeterandDeChiara_2018	PRJEB13017	M3. Mosaic region 3
SRR7851754	BS	Duan_2019	PRJNA396809	ADY
ERR1308943	BSA	PeterandDeChiara_2018	PRJEB13017	1. Wine/European 
ERR1309374	BSB	PeterandDeChiara_2018	PRJEB13017	1. Wine/European 
ERR1309214	BSC	PeterandDeChiara_2018	PRJEB13017	1. Wine/European 
ERR1308667	BSD	PeterandDeChiara_2018	PRJEB13017	1. Wine/European 
ERR1308947	BSE	PeterandDeChiara_2018	PRJEB13017	1. Wine/European 
ERR1309261	BSG	PeterandDeChiara_2018	PRJEB13017	1. Wine/European 
ERR1309026	BSI	PeterandDeChiara_2018	PRJEB13017	11. Ale beer 
ERR1308916	BSK	PeterandDeChiara_2018	PRJEB13017	M3. Mosaic region 3
ERR1308633	BSL	PeterandDeChiara_2018	PRJEB13017	1. Wine/European 
ERR1308994	BSM	PeterandDeChiara_2018	PRJEB13017	1. Wine/European 
ERR1309238	BSN	PeterandDeChiara_2018	PRJEB13017	1. Wine/European 
ERR1309008	BSP	PeterandDeChiara_2018	PRJEB13017	1. Wine/European 
ERR1308588	BSR	PeterandDeChiara_2018	PRJEB13017	1. Wine/European 
ERR1308818	BSS	PeterandDeChiara_2018	PRJEB13017	1. Wine/European 
ERR1308635	BST	PeterandDeChiara_2018	PRJEB13017	1. Wine/European 
SRR7851717	BT1.1	Duan_2019	PRJNA396809	Mantou 1
SRR7851716	BT2.6	Duan_2019	PRJNA396809	Mantou 1
SRR7851715	BT2.8	Duan_2019	PRJNA396809	Mantou 1
SRR7851714	BT3	Duan_2019	PRJNA396809	Mantou 1
SRR7851713	BT4	Duan_2019	PRJNA396809	Mantou 1
ERR1309095	BTA	PeterandDeChiara_2018	PRJEB13017	M3. Mosaic region 3
ERR1309304	BTB	PeterandDeChiara_2018	PRJEB13017	M3. Mosaic region 3
ERR1308822	BTC	PeterandDeChiara_2018	PRJEB13017	8. Mixed origin 
ERR1308763	BTD	PeterandDeChiara_2018	PRJEB13017	8. Mixed origin 
ERR1308903	BTE	PeterandDeChiara_2018	PRJEB13017	8. Mixed origin 
ERR1309378	BTF	PeterandDeChiara_2018	PRJEB13017	8. Mixed origin 
ERR1309352	BTG	PeterandDeChiara_2018	PRJEB13017	4. Mediterranean oak 
ERR1308786	BTH	PeterandDeChiara_2018	PRJEB13017	1. Wine/European 
ERR1308812	BTI	PeterandDeChiara_2018	PRJEB13017	M3. Mosaic region 3 
ERR1308601	BTL	PeterandDeChiara_2018	PRJEB13017	1. Wine/European 
ERR1309050	BTN	PeterandDeChiara_2018	PRJEB13017	1. Wine/European 
ERR1309506	BTP	PeterandDeChiara_2018	PRJEB13017	1. Wine/European 
SRR7851844	BTP1	Duan_2019	PRJNA396809	Huangjiu
ERR1309489	BTR	PeterandDeChiara_2018	PRJEB13017	1. Wine/European 
ERR1309070	BTS	PeterandDeChiara_2018	PRJEB13017	25. Sake 
ERR1308583	BTT	PeterandDeChiara_2018	PRJEB13017	3. Brazilian bioethanol 
ERR1309375	BTV	PeterandDeChiara_2018	PRJEB13017	3. Brazilian bioethanol 
ERR1309497	BVA	PeterandDeChiara_2018	PRJEB13017	3. Brazilian bioethanol 
ERR1309103	BVB	PeterandDeChiara_2018	PRJEB13017	3. Brazilian bioethanol 
ERR1308589	BVC	PeterandDeChiara_2018	PRJEB13017	3. Brazilian bioethanol 
ERR1309387	BVD	PeterandDeChiara_2018	PRJEB13017	3. Brazilian bioethanol 
ERR1309294	BVE	PeterandDeChiara_2018	PRJEB13017	3. Brazilian bioethanol 
ERR1308860	BVF	PeterandDeChiara_2018	PRJEB13017	3. Brazilian bioethanol 
ERR1309184	BVG	PeterandDeChiara_2018	PRJEB13017	3. Brazilian bioethanol 
ERR1309123	BVH	PeterandDeChiara_2018	PRJEB13017	3. Brazilian bioethanol 
ERR1309280	BVK	PeterandDeChiara_2018	PRJEB13017	1. Wine/European 
ERR1309067	BVM	PeterandDeChiara_2018	PRJEB13017	1. Wine/European 
ERR1309115	BVT	PeterandDeChiara_2018	PRJEB13017	1. Wine/European (subclade 4)
ERR1309010	BVV	PeterandDeChiara_2018	PRJEB13017	1. Wine/European (subclade 4)
SRR7851780	C5-1	Duan_2019	PRJNA396809	Milk
ERR1308578	CAA	PeterandDeChiara_2018	PRJEB13017	1. Wine/European (subclade 4)
ERR1308670	CAB	PeterandDeChiara_2018	PRJEB13017	1. Wine/European (subclade 4)
ERR1309316	CAC	PeterandDeChiara_2018	PRJEB13017	1. Wine/European (subclade 4)
ERR1308697	CAD	PeterandDeChiara_2018	PRJEB13017	1. Wine/European (subclade 4)
ERR1309044	CAE	PeterandDeChiara_2018	PRJEB13017	1. Wine/European 
ERR1309286	CAF	PeterandDeChiara_2018	PRJEB13017	1. Wine/European 
ERR1308755	CAH	PeterandDeChiara_2018	PRJEB13017	1. Wine/European 
ERR1308771	CAI	PeterandDeChiara_2018	PRJEB13017	1. Wine/European 
ERR1309117	CAK	PeterandDeChiara_2018	PRJEB13017	1. Wine/European 
ERR1309510	CAL	PeterandDeChiara_2018	PRJEB13017	1. Wine/European 
ERR1308714	CAM	PeterandDeChiara_2018	PRJEB13017	1. Wine/European (subclade 4)
ERR1308933	CAN	PeterandDeChiara_2018	PRJEB13017	1. Wine/European (subclade 4)
ERR1308586	CAP	PeterandDeChiara_2018	PRJEB13017	1. Wine/European (subclade 4)
ERR1308749	CAQ	PeterandDeChiara_2018	PRJEB13017	1. Wine/European (subclade 4)
ERR1309091	CAR	PeterandDeChiara_2018	PRJEB13017	1. Wine/European (subclade 4)
ERR1308926	CAS	PeterandDeChiara_2018	PRJEB13017	1. Wine/European (subclade 4)
ERR1309024	CAT	PeterandDeChiara_2018	PRJEB13017	1. Wine/European (subclade 4)
ERR1309104	CAV	PeterandDeChiara_2018	PRJEB13017	1. Wine/European (subclade 4)
ERR1309007	CBA	PeterandDeChiara_2018	PRJEB13017	1. Wine/European 
ERR1309343	CBB	PeterandDeChiara_2018	PRJEB13017	1. Wine/European (subclade 4)
ERR1308876	CBC	PeterandDeChiara_2018	PRJEB13017	1. Wine/European (subclade 4)
ERR1308852	CBD	PeterandDeChiara_2018	PRJEB13017	1. Wine/European (subclade 4)
ERR1309523	CBE	PeterandDeChiara_2018	PRJEB13017	1. Wine/European (subclade 4)
ERR1309133	CBF	PeterandDeChiara_2018	PRJEB13017	8. Mixed origin 
ERR1309187	CBG	PeterandDeChiara_2018	PRJEB13017	1. Wine/European 
ERR1309454	CBH	PeterandDeChiara_2018	PRJEB13017	1. Wine/European 
ERR1308603	CBI	PeterandDeChiara_2018	PRJEB13017	1. Wine/European (subclade 1)
ERR1309061	CBK	PeterandDeChiara_2018	PRJEB13017	M3. Mosaic region 3 
ERR1309073	CBL	PeterandDeChiara_2018	PRJEB13017	M3. Mosaic region 3 
ERR1309084	CBM	PeterandDeChiara_2018	PRJEB13017	M3. Mosaic region 3
ERR1309233	CBN	PeterandDeChiara_2018	PRJEB13017	7. Mosaic beer 
ERR1308964	CBR	PeterandDeChiara_2018	PRJEB13017	11. Ale beer 
ERR1352871	CBS1598	Goncalves_2016	PRJEB13332	Sake
ERR1352869	CBS435	Goncalves_2016	PRJEB13332	Sake
ERR1309090	CCC	PeterandDeChiara_2018	PRJEB13017	21. Ecuadorean 
ERR1308655	CCD	PeterandDeChiara_2018	PRJEB13017	21. Ecuadorean 
ERR1309224	CCE	PeterandDeChiara_2018	PRJEB13017	21. Ecuadorean 
ERR1308971	CCF	PeterandDeChiara_2018	PRJEB13017	21. Ecuadorean 
ERR1309013	CCG	PeterandDeChiara_2018	PRJEB13017	21. Ecuadorean 
ERR1308722	CCH	PeterandDeChiara_2018	PRJEB13017	21. Ecuadorean 
ERR1309222	CCI	PeterandDeChiara_2018	PRJEB13017	21. Ecuadorean 
ERR1309248	CCL	PeterandDeChiara_2018	PRJEB13017	4. Mediterranean oak 
ERR1309012	CCM	PeterandDeChiara_2018	PRJEB13017	1. Wine/European (subclade 1)
ERR1308732	CCN	PeterandDeChiara_2018	PRJEB13017	18. Far East Asia 
ERR1308741	CCP	PeterandDeChiara_2018	PRJEB13017	?
ERR1308830	CCQ	PeterandDeChiara_2018	PRJEB13017	18. Far East Asia 
ERR1309198	CCR	PeterandDeChiara_2018	PRJEB13017	18. Far East Asia 
ERR1309150	CCS	PeterandDeChiara_2018	PRJEB13017	18. Far East Asia 
ERR1308694	CCT	PeterandDeChiara_2018	PRJEB13017	24. Asian islands 
ERR1309363	CCV	PeterandDeChiara_2018	PRJEB13017	24. Asian islands 
ERR1308658	CDA	PeterandDeChiara_2018	PRJEB13017	24. Asian islands 
ERR1309270	CDB	PeterandDeChiara_2018	PRJEB13017	?
ERR1309331	CDC	PeterandDeChiara_2018	PRJEB13017	M3. Mosaic region 3
ERR1308950	CDD	PeterandDeChiara_2018	PRJEB13017	M3. Mosaic region 3
ERR1308715	CDE	PeterandDeChiara_2018	PRJEB13017	M3. Mosaic region 3
ERR1308604	CDF	PeterandDeChiara_2018	PRJEB13017	22. Far East Russian 
ERR1309441	CDG	PeterandDeChiara_2018	PRJEB13017	22. Far East Russian 
ERR1309449	CDH	PeterandDeChiara_2018	PRJEB13017	22. Far East Russian 
ERR1309078	CDI	PeterandDeChiara_2018	PRJEB13017	22. Far East Russian 
ERR1309085	CDK	PeterandDeChiara_2018	PRJEB13017	M3. Mosaic region 3
ERR1309032	CDL	PeterandDeChiara_2018	PRJEB13017	18. Far East Asia 
ERR1308794	CDM	PeterandDeChiara_2018	PRJEB13017	M2. Mosaic region 2 
ERR1308637	CDN	PeterandDeChiara_2018	PRJEB13017	?
ERR1309100	CDP	PeterandDeChiara_2018	PRJEB13017	?
ERR1308783	CDQ	PeterandDeChiara_2018	PRJEB13017	?
ERR1309163	CDR	PeterandDeChiara_2018	PRJEB13017	8. Mixed origin 
ERR1309411	CDS	PeterandDeChiara_2018	PRJEB13017	1. Wine/European 
ERR1308726	CDT	PeterandDeChiara_2018	PRJEB13017	2. Alpechin 
ERR1309031	CDV	PeterandDeChiara_2018	PRJEB13017	1. Wine/European 
ERR1309111	CEA	PeterandDeChiara_2018	PRJEB13017	1. Wine/European 
ERR1309017	CEB	PeterandDeChiara_2018	PRJEB13017	1. Wine/European 
ERR1308870	CEC	PeterandDeChiara_2018	PRJEB13017	1. Wine/European 
ERR1308922	CED	PeterandDeChiara_2018	PRJEB13017	1. Wine/European 
ERR1309037	CEE	PeterandDeChiara_2018	PRJEB13017	1. Wine/European 
ERR1308703	CEF	PeterandDeChiara_2018	PRJEB13017	1. Wine/European 
ERR1309189	CEG	PeterandDeChiara_2018	PRJEB13017	17. Taiwanese 
ERR1308704	CEH	PeterandDeChiara_2018	PRJEB13017	?
ERR1308746	CEI	PeterandDeChiara_2018	PRJEB13017	17. Taiwanese 
ERR1309167	CEK	PeterandDeChiara_2018	PRJEB13017	26. Asian fermentation 
ERR1308750	CEL	PeterandDeChiara_2018	PRJEB13017	26. Asian fermentation 
ERR1308774	CEM	PeterandDeChiara_2018	PRJEB13017	M3. Mosaic region 3
ERR1309405	CEN	PeterandDeChiara_2018	PRJEB13017	M3. Mosaic region 3
ERR1308631	CEP	PeterandDeChiara_2018	PRJEB13017	?
ERR1308767	CEQ	PeterandDeChiara_2018	PRJEB13017	M3. Mosaic region 3
ERR1308780	CER	PeterandDeChiara_2018	PRJEB13017	6. African beer 
ERR1309165	CES	PeterandDeChiara_2018	PRJEB13017	6. African beer 
ERR1309358	CET	PeterandDeChiara_2018	PRJEB13017	6. African beer 
ERR1308745	CEV	PeterandDeChiara_2018	PRJEB13017	26. Asian fermentation 
ERR1308896	CFA	PeterandDeChiara_2018	PRJEB13017	13. African palm wine 
ERR1309183	CFB	PeterandDeChiara_2018	PRJEB13017	1. Wine/European 
ERR1308839	CFC	PeterandDeChiara_2018	PRJEB13017	11. Ale beer 
ERR1309393	CFD	PeterandDeChiara_2018	PRJEB13017	11. Ale beer 
ERR1309225	CFE	PeterandDeChiara_2018	PRJEB13017	1. Wine/European 
ERR1309102	CFF	PeterandDeChiara_2018	PRJEB13017	7. Mosaic beer 
ERR1309291	CFG	PeterandDeChiara_2018	PRJEB13017	11. Ale beer 
ERR1309433	CFH	PeterandDeChiara_2018	PRJEB13017	11. Ale beer 
ERR1309381	CFI	PeterandDeChiara_2018	PRJEB13017	8. Mixed origin 
ERR1309468	CFM	PeterandDeChiara_2018	PRJEB13017	11. Ale beer 
ERR1308648	CFN	PeterandDeChiara_2018	PRJEB13017	8. Mixed origin 
ERR1308594	CFP	PeterandDeChiara_2018	PRJEB13017	8. Mixed origin 
ERR1309367	CFQ	PeterandDeChiara_2018	PRJEB13017	1. Wine/European 
ERR1309312	CFR	PeterandDeChiara_2018	PRJEB13017	1. Wine/European 
ERR1309156	CFS	PeterandDeChiara_2018	PRJEB13017	1. Wine/European 
ERR1309351	CFT	PeterandDeChiara_2018	PRJEB13017	M2. Mosaic region 2
ERR1309169	CFV	PeterandDeChiara_2018	PRJEB13017	1. Wine/European 
ERR1309190	CGB	PeterandDeChiara_2018	PRJEB13017	M3. Mosaic region 3
ERR1309334	CGC	PeterandDeChiara_2018	PRJEB13017	11. Ale beer 
ERR1309434	CGD	PeterandDeChiara_2018	PRJEB13017	2. Alpechin 
ERR1308720	CGE	PeterandDeChiara_2018	PRJEB13017	2. Alpechin 
ERR1309326	CGG	PeterandDeChiara_2018	PRJEB13017	26. Asian fermentation 
ERR1309139	CGH	PeterandDeChiara_2018	PRJEB13017	?
ERR1308692	CGI	PeterandDeChiara_2018	PRJEB13017	26. Asian fermentation 
ERR1309239	CGK	PeterandDeChiara_2018	PRJEB13017	26. Asian fermentation 
ERR1308895	CGL	PeterandDeChiara_2018	PRJEB13017	26. Asian fermentation 
ERR1309087	CGN	PeterandDeChiara_2018	PRJEB13017	26. Asian fermentation 
ERR1309284	CGP	PeterandDeChiara_2018	PRJEB13017	26. Asian fermentation 
ERR1309461	CGQ	PeterandDeChiara_2018	PRJEB13017	26. Asian fermentation 
ERR1309492	CGR	PeterandDeChiara_2018	PRJEB13017	26. Asian fermentation 
ERR1308721	CGS	PeterandDeChiara_2018	PRJEB13017	1. Wine/European 
ERR1309219	CGT	PeterandDeChiara_2018	PRJEB13017	1. Wine/European (subclade 1)
ERR1308815	CGV	PeterandDeChiara_2018	PRJEB13017	1. Wine/European 
ERR1309281	CHA	PeterandDeChiara_2018	PRJEB13017	1. Wine/European 
ERR1309435	CHB	PeterandDeChiara_2018	PRJEB13017	1. Wine/European 
ERR1309386	CHC	PeterandDeChiara_2018	PRJEB13017	1. Wine/European 
ERR1309398	CHD	PeterandDeChiara_2018	PRJEB13017	1. Wine/European 
ERR1308874	CHE	PeterandDeChiara_2018	PRJEB13017	1. Wine/European 
ERR1309205	CHF	PeterandDeChiara_2018	PRJEB13017	1. Wine/European 
ERR1308990	CHG	PeterandDeChiara_2018	PRJEB13017	8. Mixed origin 
ERR1308772	CHH	PeterandDeChiara_2018	PRJEB13017	8. Mixed origin 
ERR1309321	CHI	PeterandDeChiara_2018	PRJEB13017	8. Mixed origin 
ERR1309299	CHK	PeterandDeChiara_2018	PRJEB13017	8. Mixed origin 
ERR1309074	CHL	PeterandDeChiara_2018	PRJEB13017	8. Mixed origin 
ERR1308585	CHM	PeterandDeChiara_2018	PRJEB13017	26. Asian fermentation 
ERR1309164	CHN	PeterandDeChiara_2018	PRJEB13017	M3. Mosaic region 3
ERR1309303	CHP	PeterandDeChiara_2018	PRJEB13017	M3. Mosaic region 3
ERR1309460	CHQ	PeterandDeChiara_2018	PRJEB13017	M3. Mosaic region 3
ERR1309136	CHR	PeterandDeChiara_2018	PRJEB13017	8. Mixed origin 
ERR1309373	CHS	PeterandDeChiara_2018	PRJEB13017	M3. Mosaic region 3
ERR1308919	CHT	PeterandDeChiara_2018	PRJEB13017	M3. Mosaic region 3
ERR1309071	CHV	PeterandDeChiara_2018	PRJEB13017	M1. Mosaic region 1
SRR8799696	CI001	Gallone_2019	PRJNA616557	Cider
ERR1308712	CIA	PeterandDeChiara_2018	PRJEB13017	1. Wine/European 
ERR1308828	CIB	PeterandDeChiara_2018	PRJEB13017	1. Wine/European 
ERR1308701	CIC	PeterandDeChiara_2018	PRJEB13017	M3. Mosaic region 3
ERR1308602	CID	PeterandDeChiara_2018	PRJEB13017	M3. Mosaic region 3
ERR1309210	CIE	PeterandDeChiara_2018	PRJEB13017	8. Mixed origin 
ERR1309308	CIF	PeterandDeChiara_2018	PRJEB13017	M3. Mosaic region 3
ERR1309289	CIG	PeterandDeChiara_2018	PRJEB13017	M3. Mosaic region 3
ERR1309301	CIH	PeterandDeChiara_2018	PRJEB13017	M3. Mosaic region 3
ERR1308851	CII	PeterandDeChiara_2018	PRJEB13017	M3. Mosaic region 3
ERR1308929	CIK	PeterandDeChiara_2018	PRJEB13017	M3. Mosaic region 3
ERR1308754	CIL	PeterandDeChiara_2018	PRJEB13017	M3. Mosaic region 3
ERR1309356	CIM	PeterandDeChiara_2018	PRJEB13017	1. Wine/European (subclade 3)
ERR1309462	CIN	PeterandDeChiara_2018	PRJEB13017	1. Wine/European (subclade 3)
ERR1308710	CIP	PeterandDeChiara_2018	PRJEB13017	1. Wine/European (subclade 3)
ERR1308942	CIQ	PeterandDeChiara_2018	PRJEB13017	1. Wine/European (subclade 3)
ERR1309005	CIR	PeterandDeChiara_2018	PRJEB13017	1. Wine/European (subclade 3)
ERR1308688	CIS	PeterandDeChiara_2018	PRJEB13017	1. Wine/European (subclade 3)
ERR1309265	CIT	PeterandDeChiara_2018	PRJEB13017	1. Wine/European (subclade 3)
ERR1309419	CIV	PeterandDeChiara_2018	PRJEB13017	1. Wine/European (subclade 3)
SRR7851921	CJM11.1	Duan_2019	PRJNA396809	Mantou 3
SRR7851711	CJM19.5	Duan_2019	PRJNA396809	Mantou 2
SRR7851710	CJM19.6	Duan_2019	PRJNA396809	Mantou 2
SRR7851924	CJM20.1	Duan_2019	PRJNA396809	Mantou 3
SRR7851900	CJM21.4	Duan_2019	PRJNA396809	Mantou 2
SRR7851737	CJM24.1	Duan_2019	PRJNA396809	Mantou 7
SRR7851901	CJM25.1	Duan_2019	PRJNA396809	Mantou 2
SRR7851898	CJM25.4	Duan_2019	PRJNA396809	Mantou 2
SRR7851899	CJM25.5	Duan_2019	PRJNA396809	Mantou 2
SRR7851923	CJM6.2	Duan_2019	PRJNA396809	Mantou 3
ERR1309407	CKA	PeterandDeChiara_2018	PRJEB13017	M3. Mosaic region 3
ERR1309453	CKB	PeterandDeChiara_2018	PRJEB13017	1. Wine/European (subclade 3)
ERR1309213	CKC	PeterandDeChiara_2018	PRJEB13017	1. Wine/European (subclade 3)
ERR1308905	CKD	PeterandDeChiara_2018	PRJEB13017	1. Wine/European (subclade 3)
ERR1309043	CKE	PeterandDeChiara_2018	PRJEB13017	1. Wine/European (subclade 3)
ERR1308887	CKF	PeterandDeChiara_2018	PRJEB13017	1. Wine/European (subclade 3)
ERR1308941	CKG	PeterandDeChiara_2018	PRJEB13017	1. Wine/European (subclade 3)
ERR1308801	CKH	PeterandDeChiara_2018	PRJEB13017	1. Wine/European (subclade 3)
ERR1309436	CKI	PeterandDeChiara_2018	PRJEB13017	1. Wine/European (subclade 3)
ERR1309226	CKK	PeterandDeChiara_2018	PRJEB13017	8. Mixed origin 
ERR1308641	CKL	PeterandDeChiara_2018	PRJEB13017	1. Wine/European (subclade 3)
ERR1309016	CKM	PeterandDeChiara_2018	PRJEB13017	1. Wine/European (subclade 3)
ERR1308669	CKN	PeterandDeChiara_2018	PRJEB13017	M3. Mosaic region 3
ERR1308600	CKP	PeterandDeChiara_2018	PRJEB13017	1. Wine/European (subclade 3)
ERR1309065	CKQ	PeterandDeChiara_2018	PRJEB13017	1. Wine/European (subclade 3)
ERR1309527	CKR	PeterandDeChiara_2018	PRJEB13017	?
ERR1309340	CKS	PeterandDeChiara_2018	PRJEB13017	8. Mixed origin 
ERR1309099	CKT	PeterandDeChiara_2018	PRJEB13017	1. Wine/European (subclade 3)
ERR1308827	CKV	PeterandDeChiara_2018	PRJEB13017	5. French dairy 
ERR1309416	CLA	PeterandDeChiara_2018	PRJEB13017	8. Mixed origin 
ERR1309234	CLB	PeterandDeChiara_2018	PRJEB13017	4. Mediterranean oak 
ERR1308723	CLC	PeterandDeChiara_2018	PRJEB13017	4. Mediterranean oak 
ERR1309022	CLD	PeterandDeChiara_2018	PRJEB13017	4. Mediterranean oak 
ERR1308729	CLG	PeterandDeChiara_2018	PRJEB13017	M3. Mosaic region 3
ERR1308629	CLH	PeterandDeChiara_2018	PRJEB13017	1. Wine/European 
ERR1309218	CLI	PeterandDeChiara_2018	PRJEB13017	25. Sake 
ERR1308902	CLK	PeterandDeChiara_2018	PRJEB13017	25. Sake 
ERR1309166	CLL	PeterandDeChiara_2018	PRJEB13017	25. Sake 
ERR1309148	CLM	PeterandDeChiara_2018	PRJEB13017	25. Sake 
ERR1309400	CLN	PeterandDeChiara_2018	PRJEB13017	25. Sake 
ERR1309178	CLP	PeterandDeChiara_2018	PRJEB13017	25. Sake 
ERR1308625	CLQ	PeterandDeChiara_2018	PRJEB13017	25. Sake 
ERR1309030	CLR	PeterandDeChiara_2018	PRJEB13017	25. Sake 
ERR1309034	CLS	PeterandDeChiara_2018	PRJEB13017	25. Sake 
ERR1309277	CLT	PeterandDeChiara_2018	PRJEB13017	25. Sake 
ERR1308985	CLV	PeterandDeChiara_2018	PRJEB13017	25. Sake 
ERR1309253	CMB	PeterandDeChiara_2018	PRJEB13017	25. Sake 
ERR1309021	CMC	PeterandDeChiara_2018	PRJEB13017	25. Sake 
ERR1308734	CMD	PeterandDeChiara_2018	PRJEB13017	25. Sake 
ERR1308619	CME	PeterandDeChiara_2018	PRJEB13017	25. Sake 
ERR1308700	CMF	PeterandDeChiara_2018	PRJEB13017	25. Sake 
ERR1308850	CMG	PeterandDeChiara_2018	PRJEB13017	M3. Mosaic region 3
ERR1309195	CMH	PeterandDeChiara_2018	PRJEB13017	25. Sake 
ERR1309081	CMI	PeterandDeChiara_2018	PRJEB13017	25. Sake 
ERR1309057	CMK	PeterandDeChiara_2018	PRJEB13017	25. Sake 
ERR1309049	CML	PeterandDeChiara_2018	PRJEB13017	25. Sake 
ERR1308706	CMM	PeterandDeChiara_2018	PRJEB13017	25. Sake 
ERR1309179	CMN	PeterandDeChiara_2018	PRJEB13017	25. Sake 
ERR1309443	CMP	PeterandDeChiara_2018	PRJEB13017	21. Ecuadorean 
ERR1308776	CMQ	PeterandDeChiara_2018	PRJEB13017	21. Ecuadorean 
ERR1308999	CMS	PeterandDeChiara_2018	PRJEB13017	?
ERR1309134	CMT	PeterandDeChiara_2018	PRJEB13017	3. Brazilian bioethanol 
ERR1309287	CNB	PeterandDeChiara_2018	PRJEB13017	3. Brazilian bioethanol 
ERR1309379	CNC	PeterandDeChiara_2018	PRJEB13017	M3. Mosaic region 3 
ERR1309346	CNE	PeterandDeChiara_2018	PRJEB13017	3. Brazilian bioethanol 
ERR1308869	CNF	PeterandDeChiara_2018	PRJEB13017	3. Brazilian bioethanol 
ERR1308859	CNG	PeterandDeChiara_2018	PRJEB13017	3. Brazilian bioethanol 
ERR1308925	CNH	PeterandDeChiara_2018	PRJEB13017	3. Brazilian bioethanol 
ERR1308810	CNI	PeterandDeChiara_2018	PRJEB13017	3. Brazilian bioethanol 
ERR1309329	CNK	PeterandDeChiara_2018	PRJEB13017	3. Brazilian bioethanol 
ERR1309339	CNL	PeterandDeChiara_2018	PRJEB13017	3. Brazilian bioethanol 
ERR1308862	CNM	PeterandDeChiara_2018	PRJEB13017	3. Brazilian bioethanol 
ERR1309264	CNN	PeterandDeChiara_2018	PRJEB13017	3. Brazilian bioethanol 
ERR1309465	CNP	PeterandDeChiara_2018	PRJEB13017	3. Brazilian bioethanol 
ERR1309357	CNQ	PeterandDeChiara_2018	PRJEB13017	3. Brazilian bioethanol 
ERR1309211	CNR	PeterandDeChiara_2018	PRJEB13017	3. Brazilian bioethanol 
ERR1309463	CNS	PeterandDeChiara_2018	PRJEB13017	3. Brazilian bioethanol 
ERR1309424	CNT	PeterandDeChiara_2018	PRJEB13017	3. Brazilian bioethanol 
ERR1309157	CNV	PeterandDeChiara_2018	PRJEB13017	3. Brazilian bioethanol 
ERR1309267	CPA	PeterandDeChiara_2018	PRJEB13017	?
ERR1309128	CPB	PeterandDeChiara_2018	PRJEB13017	M1. Mosaic region 1
ERR1309001	CPC	PeterandDeChiara_2018	PRJEB13017	M3. Mosaic region 3
ERR1308646	CPD	PeterandDeChiara_2018	PRJEB13017	7. Mosaic beer 
ERR1309107	CPE	PeterandDeChiara_2018	PRJEB13017	1. Wine/European 
ERR1308606	CPF	PeterandDeChiara_2018	PRJEB13017	1. Wine/European 
ERR1309075	CPG	PeterandDeChiara_2018	PRJEB13017	2. Alpechin 
ERR1308853	CPI	PeterandDeChiara_2018	PRJEB13017	9. Mexican agave 
ERR1308622	CPK	PeterandDeChiara_2018	PRJEB13017	9. Mexican agave 
ERR1309336	CPL	PeterandDeChiara_2018	PRJEB13017	9. Mexican agave 
ERR1308995	CPM	PeterandDeChiara_2018	PRJEB13017	9. Mexican agave 
ERR1309068	CPN	PeterandDeChiara_2018	PRJEB13017	9. Mexican agave 
ERR1309045	CPQ	PeterandDeChiara_2018	PRJEB13017	9. Mexican agave 
ERR1308806	CPR	PeterandDeChiara_2018	PRJEB13017	9. Mexican agave 
ERR1309470	CPS	PeterandDeChiara_2018	PRJEB13017	13. African palm wine 
ERR1309202	CPT	PeterandDeChiara_2018	PRJEB13017	13. African palm wine 
ERR1309255	CQA	PeterandDeChiara_2018	PRJEB13017	13. African palm wine 
ERR1308963	CQB	PeterandDeChiara_2018	PRJEB13017	13. African palm wine 
ERR1308982	CQC	PeterandDeChiara_2018	PRJEB13017	12. West African cocoa 
ERR1308713	CQD	PeterandDeChiara_2018	PRJEB13017	12. West African cocoa 
ERR1309181	CQE	PeterandDeChiara_2018	PRJEB13017	12. West African cocoa 
ERR1309519	CQF	PeterandDeChiara_2018	PRJEB13017	12. West African cocoa 
ERR1309372	CQG	PeterandDeChiara_2018	PRJEB13017	12. West African cocoa 
ERR1308735	CQH	PeterandDeChiara_2018	PRJEB13017	12. West African cocoa 
ERR1309004	CQI	PeterandDeChiara_2018	PRJEB13017	12. West African cocoa 
SRR7851906	CQJZ1.4	Duan_2019	PRJNA396809	Huangjiu
ERR1308914	CQK	PeterandDeChiara_2018	PRJEB13017	12. West African cocoa 
ERR1308840	CQL	PeterandDeChiara_2018	PRJEB13017	12. West African cocoa 
ERR1308831	CQM	PeterandDeChiara_2018	PRJEB13017	12. West African cocoa 
ERR1309298	CQN	PeterandDeChiara_2018	PRJEB13017	12. West African cocoa 
ERR1309388	CQP	PeterandDeChiara_2018	PRJEB13017	12. West African cocoa 
ERR1309278	CQQ	PeterandDeChiara_2018	PRJEB13017	25. Sake 
ERR1308885	CQR	PeterandDeChiara_2018	PRJEB13017	25. Sake 
ERR1309018	CQS	PeterandDeChiara_2018	PRJEB13017	?
ERR1308744	CQT	PeterandDeChiara_2018	PRJEB13017	1. Wine/European 
ERR1309418	CQV	PeterandDeChiara_2018	PRJEB13017	1. Wine/European 
ERR1308711	CRA	PeterandDeChiara_2018	PRJEB13017	1. Wine/European 
ERR1309228	CRB	PeterandDeChiara_2018	PRJEB13017	1. Wine/European 
ERR1308944	CRC	PeterandDeChiara_2018	PRJEB13017	1. Wine/European 
ERR1308959	CRD	PeterandDeChiara_2018	PRJEB13017	1. Wine/European 
ERR1308782	CRE	PeterandDeChiara_2018	PRJEB13017	M3. Mosaic region 3
ERR1309473	CRG	PeterandDeChiara_2018	PRJEB13017	1. Wine/European 
ERR1309354	CRH	PeterandDeChiara_2018	PRJEB13017	1. Wine/European 
ERR1308881	CRI	PeterandDeChiara_2018	PRJEB13017	1. Wine/European 
ERR1308837	CRK	PeterandDeChiara_2018	PRJEB13017	1. Wine/European 
ERR1308952	CRL	PeterandDeChiara_2018	PRJEB13017	1. Wine/European 
ERR560539	D47-60-3B	GENOWINE_2015	PRJEB6529	?
SRR7851751	DBL.1	Duan_2019	PRJNA396809	ADY
SRR7851930	DJM4.1	Duan_2019	PRJNA396809	Mantou 3
SRR7851779	DX10-3	Duan_2019	PRJNA396809	Milk
ERR266428	EM93	Ramazzotti_2018	PRJEB1871	natural
ERR754600	EXF-6719	Almeida_2015	PRJEB7601	Wine
ERR754599	EXF-6761	Almeida_2015	PRJEB7601	Wine
ERR912235	EXF-6780	Almeida_2015	PRJEB7601	Mosaic
ERR560554	F12-3B	GENOWINE_2015	PRJEB6529	?
ERR560552	F25	GENOWINE_2015	PRJEB6529	?
SRR7851677	F3-4	Duan_2019	PRJNA396809	Milk
ERR1352843	Fermicru4F9	Goncalves_2016	PRJEB13332	Wine
SRR7851829	FJ1	Duan_2019	PRJNA396809	CHN-VI/VII
SRR7851910	FJ10	Duan_2019	PRJNA396809	CHN-I
SRR7851770	FJ11	Duan_2019	PRJNA396809	CHN-X
SRR7851824	FJ12	Duan_2019	PRJNA396809	CHN-VI/VII
SRR7851758	FJ2	Duan_2019	PRJNA396809	CHN-V
SRR7851721	FJ3	Duan_2019	PRJNA396809	CHN-V
SRR7851709	FJ4	Duan_2019	PRJNA396809	CHN-V
SRR7851809	FJ5	Duan_2019	PRJNA396809	CHN-I
SRR7851875	FJ6	Duan_2019	PRJNA396809	CHN-V
SRR7851676	FJ7	Duan_2019	PRJNA396809	CHN-I
SRR7851756	FJ8	Duan_2019	PRJNA396809	CHN-I
SRR7851755	FJ9	Duan_2019	PRJNA396809	CHN-I
SRR7851769	FJSA40.2	Duan_2019	PRJNA396809	CHN-X
ERR560553	FS2D	GENOWINE_2015	PRJEB6529	?
ERR560551	GE7-4A	GENOWINE_2015	PRJEB6529	?
ERR756197	GMY321	Legras_2018	PRJEB8455	Wine
SRR7851929	GS1	Duan_2019	PRJNA396809	Mantou 3
SRR7851863	GS3.1	Duan_2019	PRJNA396809	Mosaic
SRR7851817	GS5.6	Duan_2019	PRJNA396809	Mantou 3
SRR7851818	GS5.7	Duan_2019	PRJNA396809	Mantou 3
SRR7851819	GS6	Duan_2019	PRJNA396809	Mantou 3
SRR7851768	GT39.1	Duan_2019	PRJNA396809	CHN-X
SRR7851767	GT99.1	Duan_2019	PRJNA396809	CHN-X
ERR560540	GUF54-A1	GENOWINE_2015	PRJEB6529	?
SRR7851884	GZLJ3.1	Duan_2019	PRJNA396809	Baijiu
SRR7851883	GZLJ3.19	Duan_2019	PRJNA396809	Baijiu
SRR7851886	GZLJ3.22	Duan_2019	PRJNA396809	Baijiu
SRR7851885	GZLJ3.30	Duan_2019	PRJNA396809	Baijiu
SRR7851845	HLJ1	Duan_2019	PRJNA396809	CHN-IV
SRR7851792	HLJ10	Duan_2019	PRJNA396809	Baijiu
SRR7851810	HLJ167	Duan_2019	PRJNA396809	Baijiu
SRR7851823	HLJ2	Duan_2019	PRJNA396809	CHN-VI/VII
SRR7851821	HLJ201	Duan_2019	PRJNA396809	Baijiu
SRR7851825	HLJ225	Duan_2019	PRJNA396809	Baijiu
SRR7851826	HLJ3	Duan_2019	PRJNA396809	CHN-VI/VII
SRR7851853	HLJ4	Duan_2019	PRJNA396809	Baijiu
SRR7851856	HLJ59	Duan_2019	PRJNA396809	Baijiu
SRR7851909	HN1	Duan_2019	PRJNA396809	CHN-I
SRR7851896	HN1.9	Duan_2019	PRJNA396809	Mantou 2
SRR7851808	HN10	Duan_2019	PRJNA396809	CHN-III
SRR7851801	HN11	Duan_2019	PRJNA396809	CHN-III
SRR7851876	HN13	Duan_2019	PRJNA396809	CHN-V
SRR7851873	HN14	Duan_2019	PRJNA396809	CHN-V
SRR7851874	HN15	Duan_2019	PRJNA396809	CHN-V
SRR7851871	HN16	Duan_2019	PRJNA396809	CHN-V
SRR7851872	HN17	Duan_2019	PRJNA396809	CHN-V
SRR7851869	HN18	Duan_2019	PRJNA396809	CHN-V
SRR7851802	HN19	Duan_2019	PRJNA396809	CHN-III
SRR7851908	HN2	Duan_2019	PRJNA396809	CHN-I
SRR7851804	HN2.2	Duan_2019	PRJNA396809	Mosaic
SRR7851907	HN3	Duan_2019	PRJNA396809	CHN-I
SRR7851806	HN3.8	Duan_2019	PRJNA396809	Huangjiu
SRR7851914	HN4	Duan_2019	PRJNA396809	CHN-I
SRR7851913	HN5	Duan_2019	PRJNA396809	CHN-I
SRR7851878	HN5.1	Duan_2019	PRJNA396809	Mantou 6
SRR7851912	HN6	Duan_2019	PRJNA396809	CHN-I
SRR7851736	HN6.1	Duan_2019	PRJNA396809	Mantou 7
SRR7851791	HN9	Duan_2019	PRJNA396809	CHN-III
SRR7851805	HQ1.1	Duan_2019	PRJNA396809	Huangjiu
SRR7851771	HQ3.1	Duan_2019	PRJNA396809	Huangjiu
SRR7851843	HZJZ4.5	Duan_2019	PRJNA396809	Baijiu
SRR7851847	HZJZ5.4	Duan_2019	PRJNA396809	Baijiu
SRR7851841	HZJZ5.5	Duan_2019	PRJNA396809	Baijiu
SRR7851766	JHBMY20.1	Duan_2019	PRJNA396809	CHN-X
SRR7851846	JL1	Duan_2019	PRJNA396809	Mosaic
SRR7851840	JL2	Duan_2019	PRJNA396809	Mosaic
SRR7851891	JL3	Duan_2019	PRJNA396809	Mosaic
SRR7851807	JL4	Duan_2019	PRJNA396809	CHN-VI/VII
SRR7851761	JL5	Duan_2019	PRJNA396809	CHN-IV
SRR7851820	JM13.2	Duan_2019	PRJNA396809	Mantou 3
SRR7851813	JM14.3	Duan_2019	PRJNA396809	Mantou 3
SRR7851814	JM22.1	Duan_2019	PRJNA396809	Mantou 3
SRR7851739	JM28-16	Duan_2019	PRJNA396809	Mantou 7
SRR7851797	JM28.13	Duan_2019	PRJNA396809	Mosaic
SRR7851798	JM28.2	Duan_2019	PRJNA396809	Mosaic
SRR7851772	JM32.3	Duan_2019	PRJNA396809	Huangjiu
SRR7851773	JM32.8	Duan_2019	PRJNA396809	Huangjiu
SRR7851815	JM37.2	Duan_2019	PRJNA396809	Mantou 3
SRR7851816	JM4.8	Duan_2019	PRJNA396809	Mantou 3
SRR7851811	JM8.3	Duan_2019	PRJNA396809	Mantou 3
SRR7851774	JQ10.6	Duan_2019	PRJNA396809	Huangjiu
SRR7851738	JQ8.3	Duan_2019	PRJNA396809	Mantou 7
SRR7851734	JQ8.4	Duan_2019	PRJNA396809	Mantou 7
SRR7851839	JQ9.3	Duan_2019	PRJNA396809	Mosaic
SRR7851877	JQ9.4	Duan_2019	PRJNA396809	Mantou 6
SRR7851733	JQHG.1	Duan_2019	PRJNA396809	Mantou 7
SRR7851707	JT10.10	Duan_2019	PRJNA396809	Mantou 7
SRR7851708	JT21.1	Duan_2019	PRJNA396809	Mantou 7
SRR7851705	JT21.3	Duan_2019	PRJNA396809	Mantou 7
SRR7851706	JT43.1	Duan_2019	PRJNA396809	Mantou 7
SRR7851703	JT49.1	Duan_2019	PRJNA396809	Mantou 7
SRR7851704	JT49.3	Duan_2019	PRJNA396809	Mantou 7
SRR7851831	JT49.4	Duan_2019	PRJNA396809	Mosaic
SRR7851701	JT94.11	Duan_2019	PRJNA396809	Mantou 7
SRR7851702	JTHB1	Duan_2019	PRJNA396809	Mantou 7
SRR7851765	JXXY1.1	Duan_2019	PRJNA396809	CHN-X
SRR7851730	JXXY10.1	Duan_2019	PRJNA396809	CHN-IX
SRR7851726	JXXY16.1	Duan_2019	PRJNA396809	CHN-IX
SRR7851678	JZ1-4	Duan_2019	PRJNA396809	Milk
SRR7851699	JZ10.1	Duan_2019	PRJNA396809	Mantou 7
ERR560542	K1-280-2B	GENOWINE_2015	PRJEB6529	?
SRR8799700	KO001	Gallone_2019	PRJNA616557	Kombucha 
SRR8799701	KO002	Gallone_2019	PRJNA616557	Kombucha 
SRR8799702	KO003	Gallone_2019	PRJNA616557	Kombucha 
ERR560547	L1414	GENOWINE_2015	PRJEB6529	?
GAP	L1528	Bergstrm_2014	NA	Wine/European
ERR756198	L174	Legras_2018	PRJEB8455	Bread/beer
ERR756199	L175	Legras_2018	PRJEB8455	Wine
ERR756200	L181	Legras_2018	PRJEB8455	Wine
ERR756201	L214	Legras_2018	PRJEB8455	?
ERR756227	L292	Legras_2018	PRJEB8455	Wine
ERR756202	L328	Legras_2018	PRJEB8455	Rum
ERR756203	L461	Legras_2018	PRJEB8455	Wine
ERR756204	L528	Legras_2018	PRJEB8455	Wine
ERR756205	L557	Legras_2018	PRJEB8455	?
ERR756206	L560	Legras_2018	PRJEB8455	Bread/beer
ERR756207	L561	Legras_2018	PRJEB8455	Wine
ERR756208	L564	Legras_2018	PRJEB8455	Wine
ERR756209	L708	Legras_2018	PRJEB8455	Miscellaneous
ERR756210	L709	Legras_2018	PRJEB8455	Miscellaneous
ERR756211	L710	Legras_2018	PRJEB8455	West African
ERR756212	L711	Legras_2018	PRJEB8455	West African
ERR756213	L712	Legras_2018	PRJEB8455	Wine
ERR756214	L715	Legras_2018	PRJEB8455	Miscellaneous
ERR756215	L716	Legras_2018	PRJEB8455	West African
ERR756216	L719	Legras_2018	PRJEB8455	Sake
ERR756217	L723	Legras_2018	PRJEB8455	Wine
ERR756218	L725	Legras_2018	PRJEB8455	Wine
ERR756219	L742	Legras_2018	PRJEB8455	?
ERR756220	L746	Legras_2018	PRJEB8455	?
ERR756221	L750	Legras_2018	PRJEB8455	?
ERR756222	L753	Legras_2018	PRJEB8455	?
ERR756223	L757	Legras_2018	PRJEB8455	?
ERR756224	L758	Legras_2018	PRJEB8455	?
ERR756225	L761	Legras_2018	PRJEB8455	Med_oak
SRR5678553	LA001	Gallone_2016	PRJNA323691	Mosaic
SRR5688258	LA002	Gallone_2016	PRJNA323691	Mosaic
SRR7851897	LJM21.1	Duan_2019	PRJNA396809	Mantou 2
SRR7851894	LJM21.10	Duan_2019	PRJNA396809	Mantou 2
SRR7851895	LJM21.3	Duan_2019	PRJNA396809	Mantou 2
SRR7851902	LJM21.9	Duan_2019	PRJNA396809	Mantou 2
SRR7851903	LJM6A.1	Duan_2019	PRJNA396809	Mantou 2
SRR7851926	LJM6A.4	Duan_2019	PRJNA396809	Mantou 2
SRR7851700	LJQ13.C7	Duan_2019	PRJNA396809	Mantou 7
SRR7851890	LJQ131.6	Duan_2019	PRJNA396809	Mantou 7
SRR7851889	LJQ13A.5	Duan_2019	PRJNA396809	Mantou 7
SRR7851888	LJQ13C.1	Duan_2019	PRJNA396809	Mantou 7
SRR7851887	LJZ22.1	Duan_2019	PRJNA396809	Mantou 7
SRR7851679	LM1-2	Duan_2019	PRJNA396809	Milk
SRR7851752	LSF.1	Duan_2019	PRJNA396809	ADY
ERR912231	MIX1	Almeida_2015	PRJEB7601	?
ERR912232	MIX2	Almeida_2015	PRJEB7601	?
SRR7851775	MJQ3.1	Duan_2019	PRJNA396809	Huangjiu
SRR7851745	MLAF.1	Duan_2019	PRJNA396809	ADY
ERR3010131	MM11	Pontes_2019	PRJEB30431	olives
SRR7851776	MTJZ1	Duan_2019	PRJNA396809	Huangjiu
SRR7851777	MTJZ2	Duan_2019	PRJNA396809	Huangjiu
SRR7851842	MTJZ3	Duan_2019	PRJNA396809	Baijiu
SRR7851893	MTJZ4	Duan_2019	PRJNA396809	Mantou 7
SRR7851920	MTZ13.12	Duan_2019	PRJNA396809	Baijiu
SRR7851697	NGS21L.1	Duan_2019	PRJNA396809	CHN-X
SRR7851680	NQ13-1	Duan_2019	PRJNA396809	Milk
ERR3010132	NRRLY-12658	Pontes_2019	PRJEB30431	olives
ERR1352873	NRRLY11572	Goncalves_2016	PRJEB13332	Sake
SRR7851782	NX1	Duan_2019	PRJNA396809	Wine
SRR7851785	NX2	Duan_2019	PRJNA396809	Wine
SRR7851784	NX3	Duan_2019	PRJNA396809	Wine
SRR7851796	NX4.1	Duan_2019	PRJNA396809	Mosaic
SRR7851812	NX7.1	Duan_2019	PRJNA396809	Mantou 3
SRR7851864	NX8.1	Duan_2019	PRJNA396809	Mosaic
SRR7851927	NX8.3	Duan_2019	PRJNA396809	Mosaic
ERR560546	P3-D5	GENOWINE_2015	PRJEB6529	?
ERR3010133	PYCC 2613	Pontes_2019	PRJEB30431	olives
ERR3010134	PYCC 2708	Pontes_2019	PRJEB30431	olives
ERR3010135	PYCC 4891	Pontes_2019	PRJEB30431	olives
ERR3010136	PYCC 4935	Pontes_2019	PRJEB30431	olives
ERR3010137	PYCC 6730	Pontes_2019	PRJEB30431	olives
ERR3010138	PYCC 6731	Pontes_2019	PRJEB30431	olives
ERR3010139	PYCC 6732	Pontes_2019	PRJEB30431	olives
ERR3010140	PYCC 6733	Pontes_2019	PRJEB30431	olives
ERR915336	PYR4b	Almeida_2015	PRJEB7601	Mediterranean oak
SRR7851681	QH1-3	Duan_2019	PRJNA396809	Milk
SRR7851858	QH1.1	Duan_2019	PRJNA396809	Mantou 4
SRR7851857	QH2.1	Duan_2019	PRJNA396809	Mantou 4
SRR7851682	QH21-3	Duan_2019	PRJNA396809	Milk
SRR7851683	QH25-4	Duan_2019	PRJNA396809	Milk
SRR7851795	QH3.1	Duan_2019	PRJNA396809	Mantou 4
SRR7851684	QH45-2	Duan_2019	PRJNA396809	Milk
SRR7851793	QH6.5	Duan_2019	PRJNA396809	Mantou 5
SRR7851794	QH7.2	Duan_2019	PRJNA396809	Mantou 5
SRR7851862	QH7.3	Duan_2019	PRJNA396809	Mantou 3
SRR7851799	QH7.4	Duan_2019	PRJNA396809	Mantou 5
ERR266433	REG1B-25A	Ramazzotti_2018	PRJEB1871	insect intestine
ERR3010143	S27	Pontes_2019	PRJEB30431	olives
SRR5678551	SA001	Gallone_2016	PRJNA323691	Asian
SRR5678548	SA002	Gallone_2016	PRJNA323691	Wine
SRR5678546	SA004	Gallone_2016	PRJNA323691	Asian
SRR5678547	SA005	Gallone_2016	PRJNA323691	Asian
SRR5678544	SA006	Gallone_2016	PRJNA323691	Asian
SRR5678545	SA007	Gallone_2016	PRJNA323691	Asian
ERR756226	SD085	Legras_2018	PRJEB8455	Wine
SRR7851822	SD1	Duan_2019	PRJNA396809	CHN-VI/VII
SRR7851790	SD2	Duan_2019	PRJNA396809	CHN-VI/VII
SRR7851938	SD3	Duan_2019	PRJNA396809	CHN-VI/VII
SRR7851852	SD4	Duan_2019	PRJNA396809	Mosaic
ERR754604	SDO2s1	Almeida_2015	PRJEB7601	North America/Japan
ERR754602	SDO3s1	Almeida_2015	PRJEB7601	North America/Japan
ERR754603	SDO6s1	Almeida_2015	PRJEB7601	North America/Japan
ERR754605	SDO8s1	Almeida_2015	PRJEB7601	North America/Japan
ERR266437	SG60	Ramazzotti_2018	PRJEB1871	wine
ERR266418	Sgu165	Ramazzotti_2018	PRJEB1871	grape
ERR266423	SGU165-50A	Ramazzotti_2018	PRJEB1871	grape
ERR266415	Sgu421	Ramazzotti_2018	PRJEB1871	grape
GAL	SK1	Bergstrm_2014	NA	Mosaic
ERR754606	SM69s1	Almeida_2015	PRJEB7601	North America/Japan
SRR5678664	SP001	Gallone_2016	PRJNA323691	Mixed
SRR5678663	SP002	Gallone_2016	PRJNA323691	Wine
SRR5678662	SP003	Gallone_2016	PRJNA323691	Mixed
SRR5678661	SP004	Gallone_2016	PRJNA323691	Wine
SRR5678668	SP005	Gallone_2016	PRJNA323691	Belgium/Germany
SRR5678667	SP006	Gallone_2016	PRJNA323691	Mosaic
SRR5678666	SP007	Gallone_2016	PRJNA323691	Mosaic
SRR5688260	SP008	Gallone_2016	PRJNA323691	Mosaic
SRR5688262	SP009	Gallone_2016	PRJNA323691	Mosaic
SRR5688264	SP010	Gallone_2016	PRJNA323691	Mosaic
SRR5688266	SP011	Gallone_2016	PRJNA323691	Wine
SRR7851905	SX1	Duan_2019	PRJNA396809	CHN-II
SRR7851939	SX10	Duan_2019	PRJNA396809	CHN-VI/VII
SRR7851940	SX11	Duan_2019	PRJNA396809	CHN-VI/VII
SRR7851904	SX2	Duan_2019	PRJNA396809	CHN-II
SRR7851724	SX3	Duan_2019	PRJNA396809	CHN-II
SRR7851725	SX4	Duan_2019	PRJNA396809	CHN-II
SRR7851722	SX5	Duan_2019	PRJNA396809	CHN-II
SRR7851723	SX6	Duan_2019	PRJNA396809	CHN-II
SRR7851728	SX7	Duan_2019	PRJNA396809	CHN-II
SRR7851729	SX8	Duan_2019	PRJNA396809	CHN-II
SRR7851870	SX9	Duan_2019	PRJNA396809	CHN-V
SRR7851861	SXJM1.1	Duan_2019	PRJNA396809	Mantou 3
SRR7851746	SXJM4.1	Duan_2019	PRJNA396809	ADY
SRR7851832	SXJM6.6	Duan_2019	PRJNA396809	Mosaic
SRR7851860	SXJM9.5	Duan_2019	PRJNA396809	Mantou 3
ERR560541	TA12-2	GENOWINE_2015	PRJEB6529	?
ERR560549	TS12-A7	GENOWINE_2015	PRJEB6529	?
ERR1352876	TUM127	Goncalves_2016	PRJEB13332	Sake
ERR1352854	TUM148	Goncalves_2016	PRJEB13332	Beer
ERR1352845	TUM149	Goncalves_2016	PRJEB13332	Beer
ERR1352860	TUM165	Goncalves_2016	PRJEB13332	Beer
ERR1352853	TUM174	Goncalves_2016	PRJEB13332	Beer
ERR1352847	TUM175	Goncalves_2016	PRJEB13332	Beer
ERR1352852	TUM177	Goncalves_2016	PRJEB13332	Beer
ERR1352872	TUM184	Goncalves_2016	PRJEB13332	Sake
ERR1352846	TUM205	Goncalves_2016	PRJEB13332	Beer
ERR1352863	TUM210	Goncalves_2016	PRJEB13332	Beer
ERR1352864	TUM211	Goncalves_2016	PRJEB13332	Beer
ERR1352856	TUM213	Goncalves_2016	PRJEB13332	Beer
ERR1352851	TUM308	Goncalves_2016	PRJEB13332	Beer
ERR1352855	TUM338	Goncalves_2016	PRJEB13332	Beer
ERR1352874	TUM380	Goncalves_2016	PRJEB13332	Sake
ERR1352844	TUM381	Goncalves_2016	PRJEB13332	Beer
ERR1352868	TUM480	Goncalves_2016	PRJEB13332	Beer/Bread
ERR1352866	TUM506	Goncalves_2016	PRJEB13332	Beer/Bread
ERR1352848	TUM507	Goncalves_2016	PRJEB13332	Beer
ERR1352862	TUM508	Goncalves_2016	PRJEB13332	Beer
ERR1352842	TUM511	Goncalves_2016	PRJEB13332	Wine
ERR1352850	TUM513	Goncalves_2016	PRJEB13332	Beer
SRR7851880	TY1.4	Duan_2019	PRJNA396809	Mantou 6
SRR7851879	TY1.5	Duan_2019	PRJNA396809	Mantou 6
SRR7851882	TY2.1	Duan_2019	PRJNA396809	Mantou 6
SRR7851881	TY3.9	Duan_2019	PRJNA396809	Mantou 6
ERR2299966	UFMG-CM-Y215	Barbosa_2018	PRJEB24932	Wine
ERR2299967	UFMG-CM-Y223	Barbosa_2018	PRJEB24932	Bread
ERR2299968	UFMG-CM-Y228	Barbosa_2018	PRJEB24932	Bread
ERR2299969	UFMG-CM-Y251	Barbosa_2018	PRJEB24932	C1
ERR1111504	UFMG-CM-Y255	Barbosa_2016	PRJEB11698	Japan/North America
ERR1111505	UFMG-CM-Y257	Barbosa_2016	PRJEB11698	B1
ERR1111486	UFMG-CM-Y260	Barbosa_2016	PRJEB11698	B4
ERR1111487	UFMG-CM-Y262	Barbosa_2016	PRJEB11698	B1
ERR1111506	UFMG-CM-Y263	Barbosa_2016	PRJEB11698	B3
ERR1111488	UFMG-CM-Y264	Barbosa_2016	PRJEB11698	B1
ERR1111507	UFMG-CM-Y266	Barbosa_2016	PRJEB11698	B1
ERR1111489	UFMG-CM-Y455	Barbosa_2016	PRJEB11698	B1
ERR1111508	UFMG-CM-Y456	Barbosa_2016	PRJEB11698	B3
ERR1111509	UFMG-CM-Y457	Barbosa_2016	PRJEB11698	B1
ERR1111490	UFMG-CM-Y461	Barbosa_2016	PRJEB11698	B1
ERR1111491	UFMG-CM-Y462	Barbosa_2016	PRJEB11698	B1
ERR1111510	UFMG-CM-Y463	Barbosa_2016	PRJEB11698	B1
ERR1111492	UFMG-CM-Y464	Barbosa_2016	PRJEB11698	B1
ERR2299970	UFMG-CM-Y617	Barbosa_2018	PRJEB24932	Wine
ERR2299971	UFMG-CM-Y618	Barbosa_2018	PRJEB24932	Wine
ERR2299972	UFMG-CM-Y619	Barbosa_2018	PRJEB24932	Wine
ERR2299973	UFMG-CM-Y620	Barbosa_2018	PRJEB24932	Wine
ERR2299974	UFMG-CM-Y621	Barbosa_2018	PRJEB24932	Wine
ERR2299975	UFMG-CM-Y622	Barbosa_2018	PRJEB24932	Bread
ERR2299976	UFMG-CM-Y627	Barbosa_2018	PRJEB24932	C1
ERR2299977	UFMG-CM-Y628	Barbosa_2018	PRJEB24932	?
ERR2299978	UFMG-CM-Y629	Barbosa_2018	PRJEB24932	C1
ERR2299979	UFMG-CM-Y630	Barbosa_2018	PRJEB24932	C1
ERR2299980	UFMG-CM-Y631	Barbosa_2018	PRJEB24932	C1
ERR2299981	UFMG-CM-Y632	Barbosa_2018	PRJEB24932	C2
ERR2299982	UFMG-CM-Y633	Barbosa_2018	PRJEB24932	C2
ERR2299983	UFMG-CM-Y634	Barbosa_2018	PRJEB24932	C2
ERR2299984	UFMG-CM-Y635	Barbosa_2018	PRJEB24932	C2
ERR1111511	UFMG-CM-Y636	Barbosa_2016	PRJEB11698	B4
ERR2299985	UFMG-CM-Y637	Barbosa_2018	PRJEB24932	?
ERR2299986	UFMG-CM-Y638	Barbosa_2018	PRJEB24932	?
ERR1111493	UFMG-CM-Y639	Barbosa_2016	PRJEB11698	B2
ERR1111495	UFMG-CM-Y641	Barbosa_2016	PRJEB11698	B3
ERR1111496	UFMG-CM-Y642	Barbosa_2016	PRJEB11698	B3
ERR1111512	UFMG-CM-Y643	Barbosa_2016	PRJEB11698	B1
ERR1111513	UFMG-CM-Y644	Barbosa_2016	PRJEB11698	B1
ERR1111497	UFMG-CM-Y645	Barbosa_2016	PRJEB11698	B1
ERR1111498	UFMG-CM-Y646	Barbosa_2016	PRJEB11698	B1
ERR1111499	UFMG-CM-Y647	Barbosa_2016	PRJEB11698	B1
ERR2299987	UFMG-CM-Y648	Barbosa_2018	PRJEB24932	B1
ERR1111500	UFMG-CM-Y649	Barbosa_2016	PRJEB11698	B1
ERR1111501	UFMG-CM-Y650	Barbosa_2016	PRJEB11698	B1
ERR1352879	UWOPS 03-433.3	Goncalves_2016	PRJEB13332	Malaysia
SRR650010	UWOPS05_227_2	Skelly_2013	PRJNA186707	wild
GAS	UWOPS83-787_3	Bergstrm_2014	NA	Mosaic
GAT	UWOPS87-2421	Bergstrm_2014	NA	Mosaic
GAV	W303	Bergstrm_2014	NA	Mosaic
SRR5678636	WI001	Gallone_2016	PRJNA323691	Wine
SRR5678637	WI002	Gallone_2016	PRJNA323691	Mosaic
SRR5678638	WI003	Gallone_2016	PRJNA323691	Wine
SRR5678631	WI004	Gallone_2016	PRJNA323691	Wine
SRR5678632	WI005	Gallone_2016	PRJNA323691	Wine
SRR5678633	WI006	Gallone_2016	PRJNA323691	Wine
SRR5678634	WI007	Gallone_2016	PRJNA323691	Wine
SRR5678640	WI009	Gallone_2016	PRJNA323691	Wine
SRR5678652	WI010	Gallone_2016	PRJNA323691	Wine
SRR5678651	WI011	Gallone_2016	PRJNA323691	Wine
SRR5678654	WI012	Gallone_2016	PRJNA323691	Britain
SRR5678653	WI013	Gallone_2016	PRJNA323691	Wine
SRR5678656	WI014	Gallone_2016	PRJNA323691	Wine
SRR5678655	WI015	Gallone_2016	PRJNA323691	Wine
SRR5678658	WI016	Gallone_2016	PRJNA323691	Mosaic
SRR5678657	WI017	Gallone_2016	PRJNA323691	Wine
SRR5678660	WI018	Gallone_2016	PRJNA323691	Wine
SRR5688274	WI019	Gallone_2016	PRJNA323691	Mosaic
SRR7851925	WJM5.2	Duan_2019	PRJNA396809	Mantou 2
SRR7851928	WJZ1.2	Duan_2019	PRJNA396809	Mantou 2
SRR5678626	WL001	Gallone_2016	PRJNA323691	Mosaic
SRR5678627	WL002	Gallone_2016	PRJNA323691	Mosaic
SRR5678624	WL003	Gallone_2016	PRJNA323691	Mosaic
SRR5678625	WL004	Gallone_2016	PRJNA323691	Asian
SRR5688268	WL005	Gallone_2016	PRJNA323691	Mixed
SRR5688270	WL006	Gallone_2016	PRJNA323691	Mixed
SRR5688272	WL007	Gallone_2016	PRJNA323691	Mixed
SRR8799689	WL008	Gallone_2019	PRJNA616557	Wild
SRR8799697	WL010	Gallone_2019	PRJNA616557	Wild
SRR8799688	WL011	Gallone_2019	PRJNA616557	Beer 
SRR8799703	WL012	Gallone_2019	PRJNA616557	Beer
SRR8799704	WL013	Gallone_2019	PRJNA616557	Wild
SRR8799705	WL014	Gallone_2019	PRJNA616557	Wild
SRR8799706	WL015	Gallone_2019	PRJNA616557	Wild
SRR8799699	WL016	Gallone_2019	PRJNA616557	Wild
SRR7851859	WL1	Duan_2019	PRJNA396809	Mantou 3
SRR7851866	WL2	Duan_2019	PRJNA396809	Mantou 3
SRR7851712	WL3	Duan_2019	PRJNA396809	Mantou 1
SRR7851865	WL4	Duan_2019	PRJNA396809	Mantou 3
SRR7851686	WM11-3	Duan_2019	PRJNA396809	Milk
SRR7851685	WM7-1	Duan_2019	PRJNA396809	Milk
SRR7851941	XJ1	Duan_2019	PRJNA396809	CHN-VI/VII
SRR7851719	XJ2	Duan_2019	PRJNA396809	Mosaic
SRR7851750	XJ4	Duan_2019	PRJNA396809	Mosaic
SRR7851787	XJ5	Duan_2019	PRJNA396809	Wine
SRR7851935	XJ6	Duan_2019	PRJNA396809	CHN-VI/VII
SRR7851936	XJ7	Duan_2019	PRJNA396809	CHN-VI/VII
SRR7851718	XJ7.3	Duan_2019	PRJNA396809	Mosaic
SRR7851783	XST	Duan_2019	PRJNA396809	ADY
SRR7851735	XXY26L.1	Duan_2019	PRJNA396809	CHN-IX
SRR7851732	XXY30L.2	Duan_2019	PRJNA396809	CHN-IX
SRR7851931	XXYS1.4	Duan_2019	PRJNA396809	CHN-IX
SRR7851759	XXYS14.1	Duan_2019	PRJNA396809	CHN-IX
SRR7851837	XZ10.1	Duan_2019	PRJNA396809	Qingkejiu
SRR7851834	XZ2.1	Duan_2019	PRJNA396809	Qingkejiu
SRR7851833	XZ3.1	Duan_2019	PRJNA396809	Qingkejiu
SRR7851836	XZ4.1	Duan_2019	PRJNA396809	Qingkejiu
SRR7851835	XZ4.2	Duan_2019	PRJNA396809	Qingkejiu
SRR7851838	XZ7	Duan_2019	PRJNA396809	Qingkejiu
ERR266413	Y13EU	Ramazzotti_2018	PRJEB1871	human feces
ERR266425	YA5	Ramazzotti_2018	PRJEB1871	human feces
ERR266429	YA5_46A	Ramazzotti_2018	PRJEB1871	human feces
ERR266431	YA5_46D	Ramazzotti_2018	PRJEB1871	human feces
ERR266430	YB10	Ramazzotti_2018	PRJEB1871	human feces
ERR266414	YB7	Ramazzotti_2018	PRJEB1871	human feces
ERR266435	YB8	Ramazzotti_2018	PRJEB1871	human feces
ERR266417	YE2	Ramazzotti_2018	PRJEB1871	human feces
ERR266412	YE3	Ramazzotti_2018	PRJEB1871	human feces
ERR266416	YH1	Ramazzotti_2018	PRJEB1871	human feces
SRR800854	YJM1078	Strope_2015	NA	wine/European
SRR800855	YJM1083	Strope_2015	NA	mosaic
SRR800856	YJM1129	Strope_2015	NA	wine/European
SRR800799	YJM1190	Strope_2015	NA	mosaic
SRR800800	YJM1199	Strope_2015	NA	mosaic
SRR800801	YJM1202	Strope_2015	NA	mosaic
SRR800802	YJM1208	Strope_2015	NA	mosaic
SRR800803	YJM1242	Strope_2015	NA	wine/European
SRR800804	YJM1244	Strope_2015	NA	wine/European
SRR800805	YJM1248	Strope_2015	NA	West African
SRR800806	YJM1250	Strope_2015	NA	wine/European
SRR800807	YJM1252	Strope_2015	NA	wine/European
SRR800808	YJM1273	Strope_2015	NA	North American
SRR800809	YJM1304	Strope_2015	NA	mosaic
SRR800810	YJM1307	Strope_2015	NA	mosaic
SRR800811	YJM1311	Strope_2015	NA	mosaic
SRR800812	YJM1326	Strope_2015	NA	mosaic
SRR800813	YJM1332	Strope_2015	NA	wine/European
SRR800814	YJM1336	Strope_2015	NA	wine/European
SRR800815	YJM1338	Strope_2015	NA	mosaic
SRR800816	YJM1341	Strope_2015	NA	wine/European
SRR800817	YJM1342	Strope_2015	NA	mosaic
SRR800818	YJM1355	Strope_2015	NA	wine/European
SRR800819	YJM1356	Strope_2015	NA	wine/European
SRR800820	YJM1381	Strope_2015	NA	mosaic
SRR800821	YJM1383	Strope_2015	NA	wine/European
SRR800822	YJM1385	Strope_2015	NA	mosaic
SRR800823	YJM1386	Strope_2015	NA	mosaic
SRR800824	YJM1387	Strope_2015	NA	wine/European
SRR800825	YJM1388	Strope_2015	NA	sake
SRR800826	YJM1389	Strope_2015	NA	sake
SRR800827	YJM1399	Strope_2015	NA	mosaic
SRR800828	YJM1400	Strope_2015	NA	mosaic
SRR800829	YJM1401	Strope_2015	NA	mosaic
SRR800830	YJM1402	Strope_2015	NA	mosaic
SRR800831	YJM1415	Strope_2015	NA	wine/European
SRR800832	YJM1417	Strope_2015	NA	wine/European
SRR800833	YJM1418	Strope_2015	NA	mosaic
SRR800834	YJM1419	Strope_2015	NA	mosaic
SRR800835	YJM1433	Strope_2015	NA	wine/European
SRR800836	YJM1434	Strope_2015	NA	North American
SRR800837	YJM1439	Strope_2015	NA	West African
SRR800838	YJM1443	Strope_2015	NA	mosaic
SRR800839	YJM1444	Strope_2015	NA	mosaic
SRR800840	YJM1447	Strope_2015	NA	Malaysian
SRR800841	YJM1450	Strope_2015	NA	wine/European
SRR800842	YJM1460	Strope_2015	NA	sake
SRR800843	YJM1463	Strope_2015	NA	wine/European
SRR800844	YJM1477	Strope_2015	NA	wine/European
SRR800845	YJM1478	Strope_2015	NA	wine/European
SRR800846	YJM1479	Strope_2015	NA	mosaic
SRR800847	YJM1526	Strope_2015	NA	wine/European
SRR800848	YJM1527	Strope_2015	NA	mosaic
SRR800849	YJM1549	Strope_2015	NA	mosaic
SRR800850	YJM1573	Strope_2015	NA	mosaic
SRR800851	YJM1574	Strope_2015	NA	wine/European
SRR800852	YJM1592	Strope_2015	NA	sake
SRR800853	YJM1615	Strope_2015	NA	?
SRR800764	YJM189	Strope_2015	NA	wine/European
SRR800765	YJM193	Strope_2015	NA	wine/European
SRR800766	YJM195	Strope_2015	NA	West African
SRR800767	YJM244	Strope_2015	NA	wine/European
SRR800768	YJM248	Strope_2015	NA	wine/European
SRR800769	YJM270	Strope_2015	NA	wine/European
SRR800770	YJM271	Strope_2015	NA	wine/European
SRR800774	YJM450	Strope_2015	NA	mosaic
SRR800775	YJM451	Strope_2015	NA	mosaic
SRR800776	YJM453	Strope_2015	NA	wine/European
SRR800777	YJM456	Strope_2015	NA	mosaic
SRR800779	YJM541	Strope_2015	NA	mosaic
SRR800780	YJM554	Strope_2015	NA	mosaic
SRR800781	YJM555	Strope_2015	NA	mosaic
SRR800783	YJM681	Strope_2015	NA	mosaic
SRR800784	YJM682	Strope_2015	NA	mosaic
SRR800785	YJM683	Strope_2015	NA	mosaic
SRR800786	YJM689	Strope_2015	NA	mosaic
SRR800787	YJM693	Strope_2015	NA	mosaic
SRR800788	YJM969	Strope_2015	NA	wine/European
SRR800789	YJM972	Strope_2015	NA	wine/European
SRR800790	YJM975	Strope_2015	NA	wine/European
SRR800791	YJM978	Strope_2015	NA	wine/European
SRR800794	YJM987	Strope_2015	NA	wine/European
SRR800796	YJM993	Strope_2015	NA	wine/European
SRR800797	YJM996	Strope_2015	NA	wine/European
SRR7851803	YM3.1	Duan_2019	PRJNA396809	Mosaic
SRR7851937	YN1	Duan_2019	PRJNA396809	CHN-VI/VII
SRR7851848	YN5	Duan_2019	PRJNA396809	CHN-VI/VII
SRR7851760	YN6	Duan_2019	PRJNA396809	CHN-VI/VII
ERR3010146	YO 652	Pontes_2019	PRJEB30431	olives
ERR3010147	YO 653	Pontes_2019	PRJEB30431	olives
ERR3010148	YO 654	Pontes_2019	PRJEB30431	olives
ERR266436	YP4_40D	Ramazzotti_2018	PRJEB1871	human feces
ERR266427	YUC22	Ramazzotti_2018	PRJEB1871	human feces
ERR266432	YUC22_34C	Ramazzotti_2018	PRJEB1871	human feces
ERR266421	YUC22_34D	Ramazzotti_2018	PRJEB1871	?
ERR266422	YUC5	Ramazzotti_2018	PRJEB1871	?
ERR266426	YVPC7.6	Ramazzotti_2018	PRJEB1871	insect intestine
ERR3010149	ZIM 2221	Pontes_2019	PRJEB30431	olives
ERR3010150	ZIM 2580	Pontes_2019	PRJEB30431	olives
ERR747922	ZP530	Almeida_2015	PRJEB7601	North America/Japan
ERR747912	ZP541	Almeida_2015	PRJEB7601	Mediterranean oak
ERR915338	ZP560	Almeida_2015	PRJEB7601	Mediterranean oak
ERR752940	ZP561	Almeida_2015	PRJEB7601	Mediterranean oak
ERR752934	ZP562	Almeida_2015	PRJEB7601	Mediterranean oak
ERR747917	ZP563	Almeida_2015	PRJEB7601	Mediterranean oak
ERR747918	ZP564	Almeida_2015	PRJEB7601	Mediterranean oak
ERR752939	ZP565	Almeida_2015	PRJEB7601	Mediterranean oak
ERR747919	ZP566	Almeida_2015	PRJEB7601	Mediterranean oak
ERR752938	ZP568	Almeida_2015	PRJEB7601	Mediterranean oak
ERR747916	ZP570	Almeida_2015	PRJEB7601	Mediterranean oak
ERR747920	ZP575	Almeida_2015	PRJEB7601	Mediterranean oak
ERR752930	ZP577	Almeida_2015	PRJEB7601	Wine
ERR752929	ZP578	Almeida_2015	PRJEB7601	Wine
ERR752931	ZP579	Almeida_2015	PRJEB7601	Wine
ERR747921	ZP590	Almeida_2015	PRJEB7601	Mediterranean oak
ERR752935	ZP633	Almeida_2015	PRJEB7601	Mediterranean oak
ERR752936	ZP636	Almeida_2015	PRJEB7601	Mediterranean oak
ERR747910	ZP641	Almeida_2015	PRJEB7601	Wine
ERR752944	ZP649	Almeida_2015	PRJEB7601	North America/Japan
ERR752945	ZP650	Almeida_2015	PRJEB7601	North America/Japan
ERR747923	ZP651	Almeida_2015	PRJEB7601	North America/Japan
ERR747924	ZP652	Almeida_2015	PRJEB7601	North America/Japan
ERR752942	ZP653	Almeida_2015	PRJEB7601	North America/Japan
ERR752946	ZP654	Almeida_2015	PRJEB7601	North America/Japan
ERR752947	ZP655	Almeida_2015	PRJEB7601	North America/Japan
ERR752941	ZP656	Almeida_2015	PRJEB7601	North America/Japan
ERR752948	ZP657	Almeida_2015	PRJEB7601	North America/Japan
ERR752949	ZP658	Almeida_2015	PRJEB7601	North America/Japan
ERR752950	ZP674	Almeida_2015	PRJEB7601	North America/Japan
ERR754610	ZP675	Almeida_2015	PRJEB7601	North America/Japan
ERR754607	ZP676	Almeida_2015	PRJEB7601	North America/Japan
ERR754608	ZP677	Almeida_2015	PRJEB7601	North America/Japan
ERR754609	ZP678	Almeida_2015	PRJEB7601	North America/Japan
ERR752943	ZP680	Almeida_2015	PRJEB7601	North America/Japan
ERR752933	ZP736	Almeida_2015	PRJEB7601	Mediterranean oak
ERR747913	ZP742	Almeida_2015	PRJEB7601	Mediterranean oak
ERR754619	ZP778	Almeida_2015	PRJEB7601	North America/Japan
ERR754611	ZP779	Almeida_2015	PRJEB7601	North America/Japan
ERR754614	ZP781	Almeida_2015	PRJEB7601	North America/Japan
ERR754620	ZP783	Almeida_2015	PRJEB7601	North America/Japan
ERR754621	ZP784	Almeida_2015	PRJEB7601	North America/Japan
ERR754612	ZP785	Almeida_2015	PRJEB7601	North America/Japan
ERR754617	ZP786	Almeida_2015	PRJEB7601	North America/Japan
ERR754615	ZP793	Almeida_2015	PRJEB7601	North America/Japan
ERR754622	ZP794	Almeida_2015	PRJEB7601	North America/Japan
ERR754616	ZP796	Almeida_2015	PRJEB7601	North America/Japan
ERR754613	ZP817	Almeida_2015	PRJEB7601	North America/Japan
ERR754618	ZP823	Almeida_2015	PRJEB7601	North America/Japan
ERR747915	ZP850	Almeida_2015	PRJEB7601	Mediterranean oak
ERR912233	ZP851	Almeida_2015	PRJEB7601	Mediterranean oak
ERR747914	ZP860	Almeida_2015	PRJEB7601	Mediterranean oak
ERR747909	ZP861	Almeida_2015	PRJEB7601	Wine
ERR747908	ZP862	Almeida_2015	PRJEB7601	Wine
